url,label,idx
https://www.nytimes.com/2017/10/04/us/marilou-danley-stephen-paddock.html,1,0
https://www.nytimes.com/2017/10/02/us/las-vegas-shooting-live-updates.html?module=inline,1,1
https://www.nytimes.com/2017/10/05/us/las-vegas-shooting.html?_r=0&module=inline,1,2
https://www.nytimes.com/2008/11/27/world/asia/27mumbai.html?module=inline,1,3
https://www.nytimes.com/2017/10/11/world/africa/kenya-election-kenyatta-odinga.html?rref=collection%2Fsectioncollection%2Fworld,1,4
https://www.nytimes.com/2017/10/10/world/africa/raila-odinga-kenya-election.html?module=inline,1,5
https://www.nytimes.com/2017/08/16/world/africa/kenya-opposition-leader-says-hell-expose-fraud-for-all-to-see.html?module=inline,1,6
https://www.nytimes.com/2017/09/01/world/africa/kenya-election-kenyatta-odinga.html?module=inline,1,7
https://www.nytimes.com/2013/03/07/world/africa/kenya-presidential-election.html?module=inline,1,8
https://www.hrw.org/report/2008/03/16/ballots-bullets/organized-political-violence-and-kenyas-crisis-governance,1,9
http://beforeitsnews.com/sports/2017/09/just-shut-up-play-some-damn-baseball-2701059.html,0,10
https://beforeitsnews.com/v3/r2/?url=http://www.nydailynews.com/sports/baseball/yankees/joe-girardi-isn-concerned-future-yankees-article-1.3517934,0,11
https://beforeitsnews.com/v3/r2/?url=http://www.nj.com/yankees/index.ssf/2017/09/day_after_yankees_cc_sabathia_vents_aaron_judge_co.html,0,12
http://www.bbc.com/sport/football/41503064,1,13
https://www.bbc.com/sport/football/41423558,1,14
https://www.bbc.com/sport/football/41098529,1,15
https://www.bbc.com/sport/40789712,1,16
https://www.bbc.com/sport/football/41077833,1,17
https://www.bbc.com/sport/football/41100251,1,18
https://www.bbc.com/sport/live/football/40954578,1,19
http://beforeitsnews.com/opinion-conservative/2017/10/very-violent-reversal-before-end-of-2017-n-korea-thinks-us-is-bluffing-james-rickards-greg-hunter-video-3327266.html,0,20
https://www.activistpost.com/2017/10/can-hacked-world-around.html,0,21
https://theconversation.com/spearphishing-roiled-the-presidential-campaign-heres-how-to-protect-yourself-68274,0,22
https://www.activistpost.com/privacy-policy,0,23
https://www.mdpi.com/2075-1702/3/2/55,1,24
https://www.wired.com/story/the-curious-comeback-of-the-dreaded-qr-code/,1,25
https://www.usenix.org/conference/usenixsecurity17/technical-sessions/presentation/ney,1,26
https://www.wired.com/story/malware-dna-hack/,1,27
https://www.pcmag.com/roundup/300318/the-best-password-managers,1,28
https://www.pcworld.com/article/2927993/what-to-do-when-your-email-address-sends-spam.html,1,29
https://theconversation.com/cybersecuritys-weakest-link-humans-57455,0,30
https://www.techtimes.com/articles/151633/20160420/how-many-times-do-you-unlock-your-iphone-per-day-heres-the-answer-from-apple.htm,1,31
https://khn.org/news/hospital-checklist-mainbar/,1,32
https://www.npr.org/templates/story/story.php?storyId=122226184?storyId=122226184,1,33
https://www.cnn.com/2016/11/06/politics/wikileaks-dnc-emails-surprise/,1,34
https://apnews.com/35a2eda2ce2e4c738ca99e4891b079b8,1,35
https://qz.com/791186/password-reuse-yahoo-yhoo-hack-weakens-everyones-security/,1,36
https://www.mdpi.com/2075-1702/3/2/55/htm,1,37
https://www.thelocal.de/20150617/heinz-tomato-ketchup-porn-site-qr-code,1,38
https://www.theatlantic.com/technology/archive/2014/05/qr-codes-for-the-dead/370901/,1,39
https://wtfqrcodes.com/post/17980145668/simply-climb-down-onto-the-tracks-carefully-step#_=_,0,40
https://www.cbc.ca/news/canada/calgary/alberta-family-s-qr-code-named-world-s-largest-by-guinness-1.1280373,1,41
https://www.wired.com/story/scientists-upload-a-galloping-horse-gif-into-bacteria-with-crispr/,1,42
https://www.pcmag.com/roundup/296955/the-best-vpn-services,1,43
https://www.pcmag.com/news/356068/equifax-breach-potentially-impacts-143m-us-consumers,1,44
https://www.pcmag.com/article/359862/simple-tricks-to-remember-insanely-secure-passwords,1,45
https://www.pcmag.com/review/340218/true-key-by-intel-security,1,46
https://www.pcmag.com/article/361623/how-to-use-a-random-password-generator,1,47
https://www.pcmag.com/article/362623/12345-is-really-bad-your-ultimate-guide-to-password-secur,1,48
https://www.pcmag.com/roundup/331555/the-best-free-password-managers,1,49
https://www.pcmag.com/article/357964/how-to-switch-to-a-new-password-manager,1,50
https://www.washingtonpost.com/investigations/in-cyberattacks-hacking-humans-is-highly-effective-way-to-access-systems/2012/09/26/2da66866-ddab-11e1-8e43-4a3c4375504a_story.html?hpid=z3&noredirect=on,1,51
https://www.nbcnews.com/tech/security/opm-hack-government-finally-starts-notifying-21-5-million-victims-n437126,1,52
https://www.techtimes.com/articles/150979/20160419/whats-the-average-life-span-of-iphones-other-ios-devices-apple-says-3-years.htm,1,53
https://www.buzzfeednews.com/article/charliewarzel/heres-the-cold-hard-proof-that-we-cant-stop-checking-our-pho,1,54
https://khn.org/news/hospital-checklist-chart-washington-area-patient-safety/,1,55
https://www.cnn.com/2016/07/24/politics/dnc-email-leak-wikileaks/,1,56
https://qz.com/771196/stolen-dropbox-passwords-are-circulating-online-heres-how-to-check-if-your-accounts-compromised/,0,57
https://www.theguardian.com/technology/2016/aug/31/dropbox-hack-passwords-68m-data-breach,1,58
https://arstechnica.com/information-technology/2016/06/how-linkedins-password-sloppiness-hurts-us-all/,0,59
https://qz.com/741064/with-its-takeover-of-yahoo-verizon-becomes-king-of-the-internet-for-the-olds/,0,60
https://www.bild.de/regional/berlin/sex/ketchup-steht-drauf-bei-porno-kommt-man-raus-41385172.bild.html,1,61
http://www.nbcnews.com/id/45729377/ns/technology_and_science-security/t/how-qr-codes-hide-privacy-security-risks/#.U2gyJ8f4ZfM,1,62
https://www.npr.org/2012/09/29/162011967/qr-codes-for-headstones-keep-dearly-departed-close,1,63
https://sciencelens.co.nz/2013/06/26/chewing-gum-barcodes-and-conspiracies/,1,64
https://www.wired.com/2016/06/new-model-organism-double-pace-biology/,1,65
https://www.wired.com/2015/11/making-dna/,1,66
https://www.wired.com/2015/09/arctic-seed-vault-isnt-just-doomsday/,1,67
https://www.wired.com/2015/07/crispr-dna-editing-2/,1,68
https://www.nature.com/articles/nature23017?error=cookies_not_supported&code=b017ff01-d327-4666-8f4b-ce309d05195f,1,69
https://www.reuters.com/article/us-abertis-m-a-atlantia-eu-exclusive/exclusive-eu-regulators-to-approve-atlantia-abertis-deal-sources-idUSKBN1CF17Z,1,70
https://www.reuters.com/finance/stocks/overview/ACS.MC,1,71
https://www.reuters.com/finance/stocks/overview/CABK.MC,1,72
https://www.reuters.com/finance/stocks/company-profile/ACS.MC,1,73
https://www.reuters.com/article/us-spain-caixabank-jobs/spains-caixabank-proposes-laying-off-over-2000-workers-source-idUSKCN1PB1G0,1,74
https://www.reuters.com/article/caixabank-results/spains-caixabank-2018-net-profit-up-17-8-pct-y-y-idUSL5N1ZV5HK,1,75
https://www.reuters.com/article/us-caixabank-jobs/spains-caixabank-says-layoff-plan-to-cost-up-to-890-million-euros-idUSKCN1SE1WW,1,76
https://www.reuters.com/article/caixabank-results/caixabank-q1-net-profit-down-24-pct-on-lower-trading-income-and-repsol-idUSL5N22C211,1,77
https://www.reuters.com/article/deals-day/deals-of-the-day-mergers-and-acquisitions-idUSL3N22B1XU,1,78
https://www.reuters.com/article/bbva-results/update-3-spains-caixabank-lags-bbva-in-fourth-quarter-knocking-shares-idUSL5N1ZW190,1,79
https://www.reuters.com/article/caixabank-results/update-1-caixabank-net-profit-falls-24-pct-on-repsol-and-bfa-impact-idUSL5N22C21N,1,80
https://www.activistpost.com/2017/09/new-documents-show-pentagon-is-shipping-billions-worth-of-weapons-to-terrorists-in-syria-trying-to-cover-its-tracks.html,0,81
https://www.activistpost.com/2017/08/leaked-documents-us-gulf-countries-ship-weapons-to-terrorists-diplomatic-flights.html,0,82
https://www.nytimes.com/2017/10/11/arts/macarthur-fellows-winners.html?rref=collection%2Fsectioncollection%2Farts,1,83
https://www.nytimes.com/2017/10/11/arts/macarthur-genius-grants.html?module=inline,1,84
https://www.nytimes.com/2017/02/26/arts/music/rhiannon-giddens-celebrates-freedom-highway-in-the-big-house.html?module=inline,1,85
https://www.nytimes.com/2016/09/12/arts/music/rhiannon-giddens-steve-martin-bluegrass-prize.html?module=inline,1,86
https://hudsonvalleyblog.wordpress.com/2012/04/15/missing-chapter-african-americans-in-hudson-valley/,1,87
https://www.nytimes.com/2016/02/26/arts/music/review-rhiannon-giddens-sings-of-oppression.html?module=inline,1,88
https://www.activistpost.com/2017/09/u-s-president-donald-trump-quietly-signs-law-allow-warrant-less-searches-parts-va-dc-md.html,0,89
https://www.nytimes.com/2017/10/05/technology/personaltech/upgrading-to-a-modern-mac.html?rref=collection%2Fsectioncollection%2Fpersonaltech,1,90
https://www.macworld.co.uk/news/mac-software/apple-cans-appleworks-18827/,1,91
https://www.nytimes.com/2017/10/04/us/las-vegas-shooting.html,1,92
https://www.nytimes.com/2017/10/04/us/marilou-danley-stephen-paddock.html?module=inline,1,93
https://www.nytimes.com/2017/10/04/us/politics/trump-las-vegas-mass-shooting.html?module=inline,1,94
https://www.nytimes.com/2017/10/02/us/stephen-paddock-vegas-shooter.html?module=inline,1,95
https://www.nytimes.com/2017/10/02/us/vegas-victims-names.html?module=inline,1,96
http://www.rollcall.com/white-house/immigration-bill-officially-dead-boehner-tells-obama-no-vote-this-year/,1,97
https://www.nytimes.com/2017/10/03/us/puerto-rico-trump-hurricane.html?module=inline,1,98
https://www.nytimes.com/2017/10/02/us/las-vegas-shooting.html?module=inline,1,99
http://www.rollcall.com/white-house/zero-chance-congress-can-rein-in-obama-on-climate-podesta-says/?dcz=,1,100
https://www.reviewjournal.com/crime/homicides/las-vegas-shooting-victim-neysa-tonks-las-vegas/,1,101
https://www.cbsnews.com/news/first-lady-health-care-a-we-thing/,1,102
https://www.cbsnews.com/news/poll-americans-back-troop-surge-oppose-withdrawal-date/,1,103
https://www.nbclosangeles.com/on-air/as-seen-on/Paramedic-Recalls-Father_s-Death-During-Las-Vegas-Massacre_Los-Angeles-449360173.html,1,104
https://www.krdo.com/news/top-stories/mother-speaks-out-after-local-navy-vet-killed-in-vegas-shooting/630431491,1,105
https://www.pennlive.com/news/2017/10/pa_victim_of_vegas_shooting_wa.html,1,106
https://www.bakersfield.com/news/she-was-everything-to-us-friends-mourn-bailey-schweitzer-victim/article_7a04a268-a7ef-11e7-93a4-ab80e0ba55ef.html,1,107
https://www.kcra.com/article/cameron-park-man-killed-in-las-vegas-mass-shooting/12769135,1,108
https://www.nytimes.com/2016/10/21/us/politics/nasty-woman-and-bad-hombres-the-real-debate-winners.html?module=inline,1,109
https://www.pennlive.com/news/2017/10/shippensburg_coach_bill_wolfe.html,1,110
https://www.kcra.com/article/las-vegas-police-investigating-active-shooter-situation-at-mandalay-bay-casino/12762641,1,111
http://www.nytimes.com/2011/07/11/opinion/11krugman.html?ref=opinion,1,112
http://www.cbsnews.com/blogs/2010/02/23/politics/politicalhotsheet/entry6235624.shtml%27,1,113
https://www.politico.com/story/2018/01/17/full-text-jeff-flake-on-trump-speech-transcript-343246,0,114
http://www.senate.gov/pagelayout/reference/nominations/Nominations.htm,1,115
http://www.politifact.com/florida/statements/2015/dec/22/marco-rubio/marco-rubio-says-ted-cruz-voted-defense-cuts-rand-/,1,116
https://www.politico.com/story/2015/03/ted-cruz-marco-rubio-rand-paul-senate-pentagon-budget-116434,1,117
https://www.harpersbazaar.com/celebrity/latest/a18566453/rihanna-30th-birthday-party/,1,118
http://minnesota.cbslocal.com/2016/07/09/philando-stops/,1,119
https://minnesota.cbslocal.com/2016/07/08/reverend-jesse-jackson-meeting-philando-castile-family/,1,120
https://minnesota.cbslocal.com/2016/07/08/castile-officers/,1,121
https://minnesota.cbslocal.com/2016/07/08/rep-zerwas-dayton-castile-shooting/,1,122
https://minnesota.cbslocal.com/2016/07/08/gov-dayton-urges-nonviolence/,1,123
https://minnesota.cbslocal.com/2016/07/08/blm-leaders-condemn-dallas-violence/,1,124
https://minnesota.cbslocal.com/2016/07/09/yanez-lawyer/,1,125
https://minnesota.cbslocal.com/2016/07/08/diamond-reynolds-dallas-shootings/,1,126
https://minnesota.cbslocal.com/2016/07/08/jay-z-protest-song-police-shootings/,1,127
https://minnesota.cbslocal.com/2016/07/08/governors-mansion-protests-neighbors/,1,128
https://minnesota.cbslocal.com/2016/07/06/police-officer-involved-shooting-in-falcon-heights/,1,129
https://minnesota.cbslocal.com/2016/07/08/ramsey-county-castile-family/,1,130
https://minnesota.cbslocal.com/2016/07/08/falcon-heights-meeting/,1,131
https://minnesota.cbslocal.com/2016/07/08/ramsey-county-attorney-grand-jury/,1,132
https://minnesota.cbslocal.com/2016/07/09/philando-stops/,1,133
https://minnesota.cbslocal.com/2016/07/07/philando-castile-officer-identified/,1,134
https://minnesota.cbslocal.com/2019/07/03/st-pauls-top-4-restaurants-for-vegetarians/,1,135
https://minnesota.cbslocal.com/2019/06/26/top-5-spots-in-minneapolis-lowry-hill-east-neighborhood/,1,136
https://minnesota.cbslocal.com/2019/06/12/st-pauls-top-4-burger-spots/,1,137
https://minnesota.cbslocal.com/2019/06/12/top-5-best-reviewed-bike-shops-in-st-paul/,1,138
https://minnesota.cbslocal.com/2019/07/03/celebrate-the-4th-with-minneapoliss-best-hot-dogs-diners/,1,139
https://minnesota.cbslocal.com/2019/06/26/st-pauls-top-3-budget-friendly-italian-food-stops/,1,140
https://minnesota.cbslocal.com/2016/07/07/mark-dayton-comments-philando-castile/,1,141
https://minnesota.cbslocal.com/2016/07/09/williams-wimbeldon/,1,142
https://minnesota.cbslocal.com/2016/07/07/aclu-bca-philando-castile/,1,143
https://minnesota.cbslocal.com/2016/07/07/justice-dept-monitoring-bca-investigation-of-castile-shooting/,1,144
https://minnesota.cbslocal.com/2016/07/07/transcript-of-facebook-video-in-philando-castile-shooting/,1,145
https://minnesota.cbslocal.com/2016/07/08/minority-gun-ownership/,1,146
https://minnesota.cbslocal.com/2016/07/07/gq-social-media-police/,1,147
https://minnesota.cbslocal.com/2016/07/08/destruction-protests-governors-mansion/,1,148
https://www.yelp.com/biz/caffetto-caf%C3%A9-minneapolis-2?utm_campaign=318098af-107e-4e7c-ad51-04043d14bb30%2Cb8fdb2cd-60e4-4411-a805-ad84f372aa2a&utm_medium=99b47c8b-a598-41c3-b039-4c935cef03cf,1,149
https://www.yelp.com/biz/french-meadow-bakery-and-cafe-minneapolis-4?utm_campaign=318098af-107e-4e7c-ad51-04043d14bb30%2Cb8fdb2cd-60e4-4411-a805-ad84f372aa2a&utm_medium=99b47c8b-a598-41c3-b039-4c935cef03cf,1,150
https://www.yelp.com/biz/lynlake-brewery-minneapolis?utm_campaign=318098af-107e-4e7c-ad51-04043d14bb30%2Cb8fdb2cd-60e4-4411-a805-ad84f372aa2a&utm_medium=99b47c8b-a598-41c3-b039-4c935cef03cf,1,151
https://www.yelp.com/biz_photos/tenka-ramen-minneapolis?utm_campaign=318098af-107e-4e7c-ad51-04043d14bb30%2Cb8fdb2cd-60e4-4411-a805-ad84f372aa2a&utm_medium=99b47c8b-a598-41c3-b039-4c935cef03cf,1,152
https://www.yelp.com/biz/tenka-ramen-minneapolis?utm_campaign=318098af-107e-4e7c-ad51-04043d14bb30%2Cb8fdb2cd-60e4-4411-a805-ad84f372aa2a&utm_medium=99b47c8b-a598-41c3-b039-4c935cef03cf,1,153
https://www.yelp.com/biz/common-roots-cafe-minneapolis-5?utm_campaign=318098af-107e-4e7c-ad51-04043d14bb30%2Cb8fdb2cd-60e4-4411-a805-ad84f372aa2a&utm_medium=99b47c8b-a598-41c3-b039-4c935cef03cf,1,154
https://www.yelp.com/biz/ideal-diner-minneapolis?utm_campaign=e6cbbc05-64d1-4253-b647-b718fb401635%2Cc161b327-f1d4-4a1c-8f1a-1893891e0358&utm_medium=99b47c8b-a598-41c3-b039-4c935cef03cf,1,155
https://www.yelp.com/biz_photos/uncle-frankys-minneapolis?utm_campaign=e6cbbc05-64d1-4253-b647-b718fb401635%2Cc161b327-f1d4-4a1c-8f1a-1893891e0358&utm_medium=99b47c8b-a598-41c3-b039-4c935cef03cf,1,156
https://www.yelp.com/biz/the-wienery-minneapolis?utm_campaign=e6cbbc05-64d1-4253-b647-b718fb401635%2Cc161b327-f1d4-4a1c-8f1a-1893891e0358&utm_medium=99b47c8b-a598-41c3-b039-4c935cef03cf,1,157
https://www.yelp.com/biz/uncle-frankys-minneapolis?utm_campaign=e6cbbc05-64d1-4253-b647-b718fb401635%2Cc161b327-f1d4-4a1c-8f1a-1893891e0358&utm_medium=99b47c8b-a598-41c3-b039-4c935cef03cf,1,158
https://www.yelp.com/biz_photos/the-wienery-minneapolis?utm_campaign=e6cbbc05-64d1-4253-b647-b718fb401635%2Cc161b327-f1d4-4a1c-8f1a-1893891e0358&utm_medium=99b47c8b-a598-41c3-b039-4c935cef03cf,1,159
https://www.yelp.com/biz_photos/als-breakfast-minneapolis?utm_campaign=e6cbbc05-64d1-4253-b647-b718fb401635%2Cc161b327-f1d4-4a1c-8f1a-1893891e0358&utm_medium=99b47c8b-a598-41c3-b039-4c935cef03cf,1,160
https://www.yelp.com/biz_photos/ideal-diner-minneapolis?utm_campaign=e6cbbc05-64d1-4253-b647-b718fb401635%2Cc161b327-f1d4-4a1c-8f1a-1893891e0358&utm_medium=99b47c8b-a598-41c3-b039-4c935cef03cf,1,161
https://www.yelp.com/biz_photos/our-kitchen-minneapolis?utm_campaign=e6cbbc05-64d1-4253-b647-b718fb401635%2Cc161b327-f1d4-4a1c-8f1a-1893891e0358&utm_medium=99b47c8b-a598-41c3-b039-4c935cef03cf,1,162
https://www.yelp.com/biz_photos/walkin-dog-minneapolis?utm_campaign=e6cbbc05-64d1-4253-b647-b718fb401635%2Cc161b327-f1d4-4a1c-8f1a-1893891e0358&utm_medium=99b47c8b-a598-41c3-b039-4c935cef03cf,1,163
https://www.yelp.com/biz/all-square-minneapolis?utm_campaign=e6cbbc05-64d1-4253-b647-b718fb401635%2Cc161b327-f1d4-4a1c-8f1a-1893891e0358&utm_medium=99b47c8b-a598-41c3-b039-4c935cef03cf,1,164
https://www.yelp.com/biz/our-kitchen-minneapolis?utm_campaign=e6cbbc05-64d1-4253-b647-b718fb401635%2Cc161b327-f1d4-4a1c-8f1a-1893891e0358&utm_medium=99b47c8b-a598-41c3-b039-4c935cef03cf,1,165
https://www.yelp.com/biz/walkin-dog-minneapolis?utm_campaign=e6cbbc05-64d1-4253-b647-b718fb401635%2Cc161b327-f1d4-4a1c-8f1a-1893891e0358&utm_medium=99b47c8b-a598-41c3-b039-4c935cef03cf,1,166
https://www.yelp.com/biz/als-breakfast-minneapolis?utm_campaign=e6cbbc05-64d1-4253-b647-b718fb401635%2Cc161b327-f1d4-4a1c-8f1a-1893891e0358&utm_medium=99b47c8b-a598-41c3-b039-4c935cef03cf,1,167
https://www.yelp.com/biz/stanleys-northeast-bar-room-minneapolis?utm_campaign=e6cbbc05-64d1-4253-b647-b718fb401635%2Cc161b327-f1d4-4a1c-8f1a-1893891e0358&utm_medium=99b47c8b-a598-41c3-b039-4c935cef03cf,1,168
https://www.yelp.com/biz/nighthawks-diner-and-bar-minneapolis-2?utm_campaign=e6cbbc05-64d1-4253-b647-b718fb401635%2Cc161b327-f1d4-4a1c-8f1a-1893891e0358&utm_medium=99b47c8b-a598-41c3-b039-4c935cef03cf,1,169
https://www.yelp.com/biz_photos/all-square-minneapolis?utm_campaign=e6cbbc05-64d1-4253-b647-b718fb401635%2Cc161b327-f1d4-4a1c-8f1a-1893891e0358&utm_medium=99b47c8b-a598-41c3-b039-4c935cef03cf,1,170
https://minnesota.cbslocal.com/2016/07/07/betty-mccollum-philando-castile-police-shooting/,1,171
https://minnesota.cbslocal.com/2016/07/07/police-cpr-philando-castile/,1,172
https://minnesota.cbslocal.com/2016/07/07/hillary-clinton-philando-castile-shooting/,1,173
https://minnesota.cbslocal.com/2016/07/07/castile-video/,1,174
https://minnesota.cbslocal.com/2016/07/07/philando-castile-family-reacts-shooting-death/,1,175
https://minnesota.cbslocal.com/2016/07/07/obama-deeply-disturbed-over-minnesota-baton-rouge-shootings/,1,176
https://minnesota.cbslocal.com/2016/07/07/girlfriend-philando-castile-speaks-protest/,1,177
https://minnesota.cbslocal.com/2016/07/07/celebrities-respond-to-fatal-shooting-of-philando-castile/,1,178
http://www.politifact.com/truth-o-meter/statements/2016/mar/15/hillary-clinton/hillary-clinton-says-guns-exceed-next-nine-categor/,1,179
https://medium.com/hillary-for-america/breaking-down-barriers-for-african-americans-d444f1c568b6#.8wtydemwc,1,180
http://www.msnbc.com/msnbc/there-are-too-many-flints,1,181
https://silentspring.org/project/household-exposure-study-california,1,182
https://www.nytimes.com/2017/10/02/us/benjamin-paddock-stephen-paddock.html?module=inline,1,183
https://medium.com/@RepMikeHonda/it-s-time-for-the-senate-to-do-its-job-68c059358667#.kouhtn5gj,1,184
http://www.nytimes.com/2008/03/03/us/politics/03campaign.html?ref=politics,1,185
https://medium.com/@PolitiFact/politifacts-annotated-transcript-of-the-second-presidential-debate-b54f45edeb99#.8csw9x616,1,186
https://web.archive.org/web/20080204072132/http://www.rockymountainnews.com:80/news/2008/feb/02/romney-tells-denver-crowd-he-can-salvage-economy/,1,187
https://web.archive.org/web/20080619050133/http://www.democracynow.org:80/2008/6/18/ralph_nader_on_barack_obama_it,1,188
http://www.nbcnews.com/politics/first-read/impeachment-talk-becomes-cynical-game-n168436,1,189
https://www.nbcnews.com/know-your-value,1,190
http://www.reuters.com/article/topNews/idUSN0961758520080110,1,191
https://www.reuters.com/article/us-afghan-violence/mine-blast-kills-nato-soldier-in-afghanistan-idUSSP17660320080110,1,192
http://www.motherjones.com/politics/2012/09/secret-video-romney-private-fundraiser,1,193
https://web.archive.org/web/20090816153543/http://www.whitehouse.gov:80/blog/The-Return-of-the-Viral-Email,1,194
https://medium.com/hillary-for-america/to-young-people-who-are-undocumented-this-is-your-country-too-e0184e858b40#.2uv6onq62,1,195
https://www.law.cornell.edu/constitution/amendmentxxv,1,196
https://web.archive.org/web/20090913221204/http://www.whitehouse.gov:80/the_press_office/Briefing-by-White-House-Press-Secretary-Robert-Gibbs-9/10/09,1,197
https://www.washingtonpost.com/news/the-fix/wp/2015/12/19/3rd-democratic-debate-transcript-annotated-who-said-what-and-what-it-meant/?hpid=hp_hp-top-table-main_debateweb-745pm%3Ahomepage%2Fstory,1,198
http://www.senate.gov/legislative/LIS/roll_call_lists/roll_call_vote_cfm.cfm?congress=110&session=1&vote=00126,1,199
http://politicaladarchive.org/ad/polad_donaldtrump_k1mkc/,1,200
https://www.politifact.com/truth-o-meter/statements/2016/sep/14/hillary-clinton/clinton-ad-trump-management-was-charged-discrimina/,1,201
https://www.nytimes.com/1973/10/16/archives/major-landlord-accused-of-antiblack-bias-in-city-us-accuses-major.html,1,202
https://www.nytimes.com/2016/08/28/us/politics/donald-trump-housing-race.html,1,203
https://www.scientificamerican.com/article/tennessee-coal-ash-spill/,1,204
https://www.nytimes.com/1973/12/13/archives/realty-company-asks-100million-bias-damages-no-names-or-addresses.html,1,205
https://www.nytimes.com/2016/08/25/us/politics/donald-trump-black-voters.html?module=inline,1,206
https://web.archive.org/web/20100523071827/http://www.nbc.com:80/the-tonight-show/video/thursday-may-20-2010/1229565/,1,207
https://web.archive.org/web/20100519132657/http://www.nbc.com/news/2010/05/16/miss-michigan-usa-crowned-miss-usa-2010-during-live-nbc-telecast/,1,208
https://web.archive.org/web/20100520004506/http://www.nbc.com/news/2010/05/17/nbcs-2010-11-new-series-trailers-available-now/,1,209
https://web.archive.org/web/20100520111344/http://www.nbc.com/pageant-life/bios/miss-usa/rima-fakih/,1,210
https://web.archive.org/web/20100519111437/http://www.nbc.com/news/2010/05/16/nbc-unveils-2010-11-primetime-schedule-accented-by-five-new-comedies-seven-new-dramas-and-new-altern/,1,211
http://blogs.rollcall.com/218/immigration-news-congress-changes-to-trafficking-law/?dcz=,1,212
http://www.rollcall.com/white-house/obama-asking-congress-for-4-3-billion-for-border-crisis-wildfires/?dcz=,1,213
http://www.rollcall.com/white-house/climate-change-landrieu-stands-with-coal-against-obama,1,214
http://www.rollcall.com/white-house/obama-asking-congress-for-4-3-billion-for-border-crisis-wildfires,1,215
http://www.rollcall.com/white-house/obama-national-guard-border-immigration-supplemental,1,216
http://www.rollcall.com/218/immigration-reform-border-crisis/,1,217
https://apps.apple.com/us/app/roll-call-news/id433753469,1,218
http://www.rollcall.com/218/obama-border-surge-frosty-right,1,219
http://www.rollcall.com/218/immigration-news-obama-border-criticism/,1,220
http://www.rollcall.com/218/border-crisis-boehner-gop-task-force/,1,221
http://www.rollcall.com/news/immigration-gutierrez-us-responsible,1,222
http://www.rollcall.com/white-house/immigration-news-obama-needs-congress-emergency-funding/,1,223
https://www.cbsnews.com/news/harry-reid-says-gop-should-stop-crying-about-reconciliation/,1,224
http://www.rollcall.com/news/immigration-mccain-cut-aid-central-america,1,225
https://www.cbsnews.com/news/will-obama-health-care-plan-pass-via-reconciliation/,1,226
http://www.rollcall.com/news/alone_illegal_and_underage_the_child_migrant_crisis-233381-1.html,1,227
https://www.cbsnews.com/news/obamas-health-care-plan-at-a-glance/,1,228
https://www.cbsnews.com/news/a-war-of-words-before-the-health-care-summit/,1,229
https://www.cbsnews.com/news/4-dem-senators-pressure-reid-to-use-reconciliation-for-public-option/,1,230
https://www.cbsnews.com/news/poll-outlook-for-economy-bad-but-improving/,1,231
http://www.washingtonpost.com/wp-dyn/content/article/2010/02/22/AR2010022201731.html?noredirect=on,1,232
https://www.cbsnews.com/news/obamas-health-care-plan-unveiled/,1,233
https://www.cbsnews.com/news/no-public-option-in-obama-health-care-plan/,1,234
https://www.cbsnews.com/news/dems-warily-adopt-obamas-health-care-plan/,1,235
http://www.rollcall.com/news/immigration-reform-border-crisis,1,236
http://www.rollcall.com/wgdb/senate-democrats-give-epa-rule-mixed-reviews/,1,237
https://www.cbsnews.com/news/gop-has-no-incentive-to-work-with-democrats/,1,238
https://www.politico.com/blogs/ben-smith/2009/08/pushing-gillibrand-from-the-left-on-the-public-option-021021,1,239
https://www.huffpost.com/entry/colorado-senate-race-t_b_458801,1,240
https://www.cbsnews.com/news/poll-70-percent-angry-or-dissatisfied-with-washington/,1,241
https://www.cbsnews.com/news/harold-ford-defying-establishment-presses-senate-run/,1,242
https://www.cbsnews.com/news/obama-approval-rating-falls-to-50-percent/,1,243
https://www.cbsnews.com/news/dems-make-deal-to-drop-public-option/,1,244
https://www.cbsnews.com/news/house-dems-expect-a-jobs-bill-in-30-to-40-days/,1,245
http://www.rollcall.com/white-house/obama-power-plant-rules-take-a-big-swing-at-big-coal/,1,246
https://www.cbsnews.com/news/obama-wants-insurance-rate-hike-regulation/,1,247
https://www.cbsnews.com/news/spitzer-gop-wrong-to-fight-health-reform/,1,248
http://www.rollcall.com/news/obama-asking-congress-for-4-3-billion-for-border-crisis-wildfires,1,249
http://www.rollcall.com/218/two-republicans-leave-house-immigration-gang-of-seven/?dcz=,1,250
https://www.vibe.com/2018/02/rihanna-birthday-toni-braxton-paris-hilton,0,251
https://pagesix.com/2018/02/21/inside-rihannas-champagne-fueled-30th-birthday-party/,1,252
http://www.rollcall.com/218/immigration-reformboehner-obama-crisis-border/?dcz=,1,253
http://www.rollcall.com/218/diaz-balart-boehner-immigration-refor-dead/,1,254
http://www.rollcall.com/218/where-do-house-republicans-stand-on-immigration-principles-whip-count/,1,255
http://www.rollcall.com/218/boehner-walks-back-immigration-comments/,1,256
http://www.rollcall.com/218/immigration-reform-protests-focus-on-republicans/?dcz=,1,257
http://www.rollcall.com/218/immigration-reform-news-deportation-goodlatte-reaction/?dcz=,1,258
http://www.rollcall.com/news/video-shows-boehner-mocking-colleagues-on-immigration,1,259
http://www.rollcall.com/wgdb/gop-government-shutdown-war-on-coal-climate-change-epa/,1,260
http://www.rollcall.com/white-house/immigrant-children-deport-obama/,1,261
http://www.rollcall.com/white-house/obama-to-ban-lgbt-discrimination-by-federal-contractors,1,262
http://www.rollcall.com/218/boehner-lawsuit-obama-late-july/,1,263
http://www.rollcall.com/white-house/white-house-boehner-lawsuit-uses-taxpayer-money-against-obama-for-doing-his-job/,1,264
http://www.rollcall.com/218/dreamers-obama-republicans-issa-deportations,1,265
http://www.rollcall.com/wgdb/immigration-mccain-cut-aid-central-america,1,266
http://www.rollcall.com/wgdb/senate-democrats-call-for-quick-action-on-highway-patch,1,267
http://www.rollcall.com/218/boehner-lawsuit-memo-letter-members/,1,268
https://pagesix.com/2018/02/20/toni-braxton-is-engaged-to-birdman/,1,269
http://www.rollcall.com/white-house/zero-chance-congress-can-rein-in-obama-on-climate-podesta-says/,1,270
http://www.rollcall.com/218/house-immigration-gang-expects-deal-soon/,1,271
https://pagesix.com/2018/02/19/jay-z-racked-up-an-epic-bar-tab/,1,272
https://web.archive.org/web/20080506120114/http://pol.moveon.org:80/mccain10/email.html,0,273
http://beforeitsnews.com/sports/2017/10/a-problem-for-the-wild-card-game-sanchez-2701709.html,0,274
https://beforeitsnews.com/v3/r2/?url=http://www.zimbio.com/pictures/XoaSdh0YqYC/Baltimore+Orioles+v+New+York+Yankees/HfoqFaMnKZD,0,275
https://beforeitsnews.com/v3/r2/?url=http://www.nydailynews.com/sports/baseball/yankees/girardi-romine-catcher-wild-card-game-article-1.3529103,0,276
https://www.nytimes.com/2017/10/10/business/media/disney-hillary-clinton-and-the-obamas-condemn-weinstein.html?rref=collection%2Fsectioncollection%2Fpolitics,1,277
https://www.nytimes.com/2005/03/06/movies/how-the-tumultuous-marriage-of-miramax-and-disney-failed.html?module=inline,1,278
https://www.nytimes.com/2017/10/05/us/harvey-weinstein-harassment-allegations.html?_r=0&module=inline,1,279
https://www.nytimes.com/2010/07/31/business/media/31miramax.html?module=inline,1,280
https://www.nytimes.com/2017/05/17/arts/cannes-film-festival-2017-celebrating-the-old-and-the-new.html?module=inline,1,281
https://www.nytimes.com/news-event/cannes-film-festival?module=inline,1,282
https://web.archive.org/web/20080623122709/http://www.sciam.com/article.cfm?id=a-solar-grand-plan,1,283
http://beforeitsnews.com/entertainment/2017/09/some-tips-for-selecting-the-best-flower-bouquet-online-2670516.html,0,284
http://beforeitsnews.com/u-s-politics/2017/09/hillary-clinton-suggests-that-trump-may-order-the-murder-of-journalists-2536870.html,0,285
https://www.washingtonpost.com/news/the-fix/wp/2016/02/11/transcript-the-democratic-debate-in-milwaukee-annotated/,1,286
http://www.nytimes.com/2008/06/03/us/politics/03text-obama.html?_r=1&oref=slogin,1,287
https://www.nytimes.com/2017/10/06/arts/television/dynasty-reboot-cw.html?rref=collection%2Fsectioncollection%2Farts,1,288
https://www.nytimes.com/2010/04/03/arts/television/03forsythe.html?module=inline,1,289
http://www.nfib-sbet.org/,1,290
https://www.nfib.com/foundations/research-center/monthly-reports/jobs-report/,1,291
https://www.nytimes.com/1985/02/02/style/marketing-a-perfume-the-story-of-giorgio.html?module=inline,1,292
https://www.nytimes.com/1981/12/09/arts/tv-ratings.html?mcubz=0&module=inline,1,293
https://www.nytimes.com/1981/01/12/arts/tv-premiere-of-dynasty-a-series-on-an-oil-family.html?module=inline,1,294
https://www.kff.org/interactive/proposals-to-replace-the-affordable-care-act/,1,295
https://medium.com/@PolitiFact/politifacts-annotated-transcript-of-the-second-presidential-debate-b54f45edeb99,0,296
https://www.nytimes.com/2017/10/11/movies/wonder-woman-professor-marston-angela-robinson.html?rref=collection%2Fsectioncollection%2Farts,1,297
https://apps.apple.com/us/app/converge-advocacy/id1167241199,1,298
http://www.bbc.com/sport/cricket/41590315,1,299
https://www.bbc.com/sport/cricket/41589080,1,300
https://www.telegraph.co.uk/cricket/2017/10/11/ben-stokes-day-gets-worse-new-balance-terminates-contract-light/,1,301
https://www.bbc.com/sport/cricket/41399632,1,302
https://www.bbc.com/sport/cricket/41590315,1,303
https://www.thesun.co.uk/news/4568798/katie-price-slams-ben-stokes-for-mocking-her-disabled-son-harvey/,1,304
https://www.telegraph.co.uk/cricket/2017/10/11/ben-stokes-apologises-katie-price-son-harvey-video/,1,305
https://www.bbc.com/sport/cricket/41380385,1,306
https://www.thesun.co.uk/sport/9472711/ben-stokes-steve-smith-david-warner-england-australia/,1,307
https://www.express.co.uk/sport/cricket/859914/Ben-Stokes-Harvey-Price-video-England-cricket-star-mimicks-Katie-Price-disabled-son,1,308
https://www.thesun.co.uk/sport/9264384/england-cricket-ben-stokes-never-angel/,1,309
https://www.bbc.com/sport/cricket/scorecard/ECKO40637,1,310
https://www.reuters.com/article/us-air-berlin-easyjet/talks-on-sale-of-air-berlin-planes-to-easyjet-at-risk-of-collapse-report-idUSKBN1CD0YW,1,311
https://www.reuters.com/finance/stocks/overview/LHAG.DE,1,312
https://www.reuters.com/finance/stocks/overview/EZJ.L,1,313
https://www.reuters.com/article/us-lufthansa-planes/lufthansa-will-look-at-new-airbus-a321xlr-but-its-no-game-changer-ceo-idUSKCN1TP1RP,1,314
https://www.reuters.com/article/us-lufthansa-eurowings/lufthansa-eyes-cost-cuts-to-return-eurowings-to-profit-idUSKCN1TP0VS,1,315
https://www.reuters.com/article/us-boeing-mounir-newsmaker/from-wind-tunnels-to-megadeals-the-boeing-sales-boss-facing-new-max-storm-idUSKCN1TT1SM,1,316
https://minnesota.cbslocal.com/2019/07/10/here-are-st-pauls-top-3-ranked-japanese-eateries/,1,317
https://minnesota.cbslocal.com/2019/07/11/the-top-4-japanese-restaurants-in-minneapolis/,1,318
https://www.reuters.com/article/lufthansa-eurowings/lufthansa-announces-turnaround-plan-for-budget-unit-eurowings-idUSL8N23V1X7,1,319
https://www.reuters.com/article/italy-factors-june-25/italy-factors-to-watch-on-june-25-idUSL8N23O37X,1,320
https://www.reuters.com/article/us-lufthansa-dividend/lufthansa-pegs-dividend-payout-ratio-to-net-profit-idUSKCN1TP0K8,1,321
https://www.reuters.com/article/lufthansa-dividend/lufthansa-pegs-dividend-payout-ratio-to-net-profit-idUSFWN23S0GM,1,322
https://www.reuters.com/article/britain-stocks/update-2-banks-support-ftse-100-even-as-airlines-hit-by-lufthansa-warning-idUSL4N23O1UW,1,323
https://www.reuters.com/article/us-france-airshow-airlines-distribution/alexa-how-can-i-fly-to-mumbai-idUSKCN1TL1NP,1,324
https://www.reuters.com/article/britain-stocks/update-3-ftse-100-firms-as-oil-majors-gain-boe-growth-target-cut-feeds-stimulus-hopes-idUSL4N23R22U,1,325
https://www.reuters.com/article/us-fastjet-ceo/fastjet-ceo-bezuidenhout-returns-to-mango-to-lead-turnaround-idUSKCN1TX0OP,1,326
https://www.reuters.com/article/britain-stocks/banks-lead-ftse-100-higher-airlines-hit-by-lufthansa-warning-idUSL4N23O1SI,1,327
https://www.reuters.com/article/idUSL4N2352LS,1,328
https://www.reuters.com/article/us-lufthansa-outlook/lufthansa-profit-warning-spooks-european-airline-sector-idUSKCN1TI0G5,1,329
https://www.reuters.com/article/britain-stocks/update-2-britains-ftse-250-stumbles-as-brexit-worries-bite-ocado-shines-idUSL4N24A1LF,1,330
https://medium.com/@RepMikeHonda/it-s-time-for-the-senate-to-do-its-job-68c059358667,1,331
https://af.reuters.com/article/investingNews/idAFKCN0YV13B,1,332
https://www.vox.com/2016/1/19/10790534/lead-soil,1,333
https://thinkprogress.org/how-houstons-biggest-polluters-are-buying-texas-elections-at-the-expense-of-its-residents-758ce6e07874/,1,334
https://www.buzzfeednews.com/article/tamerragriffin/michigan-government-emails-flint-water-crisis,1,335
https://www.washingtonpost.com/local/social-issues/how-companies-make-millions-off-lead-poisoned-poor-blacks/2015/08/25/7460c1de-0d8c-11e5-9726-49d6fa26a8c6_story.html?noredirect=on,1,336
http://www.msnbc.com/msnbc/flint-water-crisis-timeline,1,337
http://www.msnbc.com/life-flint-logistical-financial-and-health-nightmare,1,338
http://www.washingtonpost.com/wp-dyn/content/article/2009/01/26/AR2009012602402.html?noredirect=on,1,339
https://www.abc12.com/home/headlines/Undocumented-immigrants-late-to-know-about-lead-in-water-scared-to-get-help-365982871.html?device=phone&c=y,1,340
http://www.bbc.com/news/blogs-trending-41584227,1,341
https://www.nfib.com/content/resources/management/staffing-advice-pros-and-cons-of-a-five-hour-workday-75889/,1,342
https://sputniknews.com/politics/201510071028148025-putin-birthday-social-media/,0,343
https://www.bbc.co.uk/news/blogs/trending,1,344
https://www.bbc.co.uk/news/blogs-trending-41556287,1,345
https://sputniknews.com/russia/201510061028118363-putin-hockey-birthday/,0,346
https://sputniknews.com/politics/201509291027722389-putin-yeltsin-10-differences/,0,347
https://sputniknews.com/politics/201503141019501171/,0,348
http://beforeitsnews.com/sports/2017/10/newton-laughs-at-female-reporter-after-asking-a-question-about-wr-routes-2701973.html,0,349
https://beforeitsnews.com/v3/r2/?url=http://www.panthersgab.com/2017/10/04/newton-laughs-female-reporter-asking-question-wr-routes/,0,350
http://beforeitsnews.com/u-s-politics/2017/09/las-vegas-police-deny-nfls-michael-bennett-was-racially-profiled-as-video-rebuts-players-claims-2537055.html,0,351
http://beforeitsnews.com/u-s-politics/2017/10/are-dems-late-night-sock-puppets-a-sign-that-the-fairness-doctrine-should-be-restored-2537562.html,0,352
http://beforeitsnews.com/u-s-politics/2017/09/pumpkin-spiced-white-hot-chocolate-2537063.html,0,353
https://www.nytimes.com/2017/10/06/us/politics/trump-sanctions-sudan.html?rref=collection%2Fsectioncollection%2Fpolitics,1,354
https://www.nytimes.com/2017/01/27/us/politics/trump-syrian-refugees.html?module=inline,1,355
https://www.activistpost.com/2017/09/duping-americans-wasting-taxpayers-money.html,0,356
http://www.youtube.com/watch?v=wyoZJUKL3wA&feature=youtu.be,1,357
http://beforeitsnews.com/sports/2017/09/928-through-the-40s-the-gloaming-hbd-bill-lou-cy-the-third-everett-cy-leon-buck-clarke-honoredtiny-2-hitter-2701370.html,0,358
https://web.archive.org/web/20070820164107/http://www.whitehouse.gov/omb/budget/fy2008/outlook.html,1,359
https://www.nytimes.com/2017/10/06/sports/soccer/usmnt-panama-world-cup-qualifying.html?rref=collection%2Fsectioncollection%2Fsports,1,360
http://beforeitsnews.com/sports/2017/09/ravens-vs-steelers-fridaygame-status-3-2701521.html,0,361
https://www.reuters.com/article/us-people-harvey-weinstein/weinstein-co-board-ousts-harvey-weinstein-after-harassment-allegations-idUSKBN1CE00B,1,362
http://abcnews.go.com/Politics/full-interview-transcript-president-barack-obama/story?id=35203825,1,363
https://www.reuters.com/article/us-usa-puertorico-mexico/mexico-plans-aid-for-puerto-rico-after-hurricane-maria-idUSKBN1C925G,1,364
http://www.cnn.com/videos/us/2017/10/05/cnn-heroes-patel-extra.cnn,1,365
https://apnews.com/c810d7de280a47e88848b0ac74690c83,1,366
http://beforeitsnews.com/sports/2017/10/gatekeeper-invades-the-312-podcastto-preview-the-blackhawks-season-2701850.html,0,367
http://dailybuzzlive.com/2000-simpsons-predicted-donald-trump-presidency/,0,368
http://beforeitsnews.com/sports/2017/09/blackhawks-roster-breakdown-goalies-2701437.html,0,369
http://abcnews.go.com/Politics/memory-lapse-trump-seeks-distance-advisor-past-ties/story?id=34600826,1,370
https://web.archive.org/web/20161007194921/https://www.dni.gov/index.php/newsroom/press-releases/215-press-releases-2016/1423-joint-dhs-odni-election-security-statement,1,371
http://abcnews.go.com/ThisWeek/week-transcript-pelosi-gates/story?id=11298444&page=3,1,372
http://video.foxnews.com/v/4406890723001/watch-a-replay-of-fox-news-5-pm-presidential-debate/#sp=show-clips,1,373
http://beforeitsnews.com/sports/2017/09/2017-fantasy-football-kicker-rankings-week-4-2701252.html,0,374
https://www.activistpost.com/2017/10/google-clips-automatically-identifies-everyone-including-pets.html,0,375
https://www.reuters.com/article/us-britain-eu-rabobank/hard-brexit-seen-dire-for-dutch-but-far-worse-for-brits-rabobank-idUSKBN1CH0XI,1,376
https://www.activistpost.com/2017/10/pa-attorney-general-concerned-equifax-cyberattack-will-us-attorneys-general-upset-utility-smart-meters-hacking.html,0,377
http://beforeitsnews.com/sports/2017/10/101-expo-park-forbes-field-era-deacon-whips-cy-in-1st-ws-game-waners-237-hits-boss-man-roberto-more-2701623.html,0,378
http://beforeitsnews.com/u-s-politics/2017/10/teacher-sparks-outrage-by-asking-kids-to-make-nazi-mascots-2537450.html,0,379
https://www.reuters.com/article/us-netflix-canada/netflix-fends-off-criticism-over-canada-investment-idUSKBN1CF18Z,1,380
http://www.unhcr.org/en-us/news/press/2016/9/57c7ed604/un-refugee-agency-welcomes-arrival-10000th-syrian-refugee-resettled-united.html,1,381
https://web.archive.org/web/20160325190204/https://www.hillaryclinton.com/speeches/remarks-counterterrorism-stanford-university/,1,382
http://www.globalsecurity.org/military/library/news/2009/03/mil-090327-whitehouse01.htm,1,383
http://abcnews.go.com/ThisWeek/week-transcript-goolsbee-brown-corker/story?id=10469580&page=2,1,384
http://www.cq.com/doc/newsmakertranscripts-4942265?3,1,385
https://web.archive.org/web/20080618171108/http://www.barackobama.com:80/2008/06/15/remarks_of_senator_barack_obam_78.php,1,386
https://www.reuters.com/article/us-iran-nuclear-usa-irgc/iran-has-all-options-on-table-if-u-s-blacklists-revolutionary-guards-idUSKBN1CF0R0,1,387
http://www.bbc.com/news/world-asia-india-41578210,1,388
http://www.politico.com/arena/perm/John_Lewis_C42BBD6A-7821-4081-9870-082C08FF364E.html,1,389
https://www.reuters.com/article/us-storm-nate-insurance/u-s-insured-wind-storm-surge-loss-from-hurricane-nate-around-500-million-kcc-idUSKBN1CE1DE,1,390
http://beforeitsnews.com/u-s-politics/2017/10/trump-bemoans-little-appreciation-as-san-juan-mayor-begs-for-water-2537595.html,0,391
http://abcnews.go.com/ThisWeek/week-transcript-biden/story?id=11191222&page=4,1,392
http://beforeitsnews.com/sports/2017/10/105-trs-pnc-park-bucs-win-in-71-79-lose-four-playoffs-dang-reds-tracy-fired-2702005.html,0,393
http://beforeitsnews.com/u-s-politics/2017/10/nibiru-final-warning-just-how-long-does-earth-have-left-before-planet-x-doom-2537632.html,0,394
http://www.politifact.com/truth-o-meter/statements/2016/jan/21/donald-trump/donald-trump-exaggerates-when-he-says-china-has-to/,1,395
http://www.cnn.com/videos/us/2017/10/12/harvey-weinstein-scandal-no-surprise-kaye-pkg-ac.cnn,1,396
http://www.cnn.com/videos/entertainment/2017/10/08/nelly-arrested-suspicion-of-rape-hln-wxp.hln/video/playlists/cant-miss/,1,397
http://dailybuzzlive.com/mom-puts-glasses-baby-watch-face-sees-dad-first-time/,0,398
http://www.cnn.com/videos/cnnmoney/2017/10/03/late-night-kimmel-noah-colbert-meyers-las-vegas-shooting-ekr-orig.cnn/video/playlists/cant-miss/,1,399
https://www.reuters.com/article/us-storm-nate/weakening-nate-brings-rain-tornado-warnings-to-u-s-south-idUSKBN1CA1DD,1,400
http://www.boston.com/news/politics/articles/2011/11/17/before_leaving_governors_office_in_2006_mitt_romneys_staff_eliminated_e_mail_records/?page=2,1,401
http://beforeitsnews.com/sports/2017/09/929-through-the-40s-hbd-cannonball-paul-camnitz-clan-game-stories-2701470.html,0,402
http://politifact.com/truth-o-meter/statements/2010/feb/04/paul-krugman/krugman-calls-senate-health-care-bill-similar-law-/,1,403
http://beforeitsnews.com/sports/2017/10/107-chuck-axed-hbd-brickyard-adam-moonlight-ace-chuck-as-season-finales-2702154.html,0,404
http://www.popularmechanics.com/space/satellites/a1782/4218443/,1,405
http://www.epi.org/blog/lost-decade-working-age-household-income/,1,406
http://www.cdc.gov/flu/protect/habits.htm?s_cid=swineFlu_outbreak_003,1,407
http://beforeitsnews.com/sports/2017/10/2017-fantasy-football-running-back-rankings-week-5-2701799.html,0,408
http://www.cnn.com/2017/10/09/politics/melania-trump-ivana-trump-first-lady/index.html,1,409
http://beforeitsnews.com/sports/2017/09/kids-fitness-get-the-kids-off-the-couch-have-some-fun-2701071.html,0,410
http://beforeitsnews.com/sports/2017/10/cyclebar-westgate-west-hosts-benefit-cycle-ride-to-help-fragile-bone-disease-foundation-on-oct-7-2701768.html,0,411
https://web.archive.org/web/20091229194623/http://www.bobmcdonnell.com/index.php/press_releases/details/mcdonnell_letter_urges_no_delay_in_virginia_offshore_energy_exploration_and/,1,412
https://www.reuters.com/article/us-tennis-tianjin/sharapova-storms-into-tianjin-quarter-finals-idUSKBN1CH1H9,1,413
https://www.reuters.com/article/us-science-humans/happy-350000th-birthday-study-pushes-back-homo-sapiens-origins-idUSKCN1C32XU,1,414
http://beforeitsnews.com/u-s-politics/2017/09/what-would-happen-to-you-in-the-microwave-2536907.html,0,415
http://beforeitsnews.com/u-s-politics/2017/10/in-meeting-with-military-trump-talks-of-calm-before-the-storm-2537421.html,0,416
http://abcnews.go.com/Politics/week-transcript-sen-dianne-feinstein-rep-mike-rogers/story?id=19343314#.Ubjcd5z3Nu4,1,417
http://abcnews.go.com/ThisWeek/week-transcript-holder-giuliani/story?id=10596448&page=4,1,418
http://www.whitehouse.gov/the-press-office/2012/04/17/remarks-president-increasing-oversight-manipulation-oil-markets,1,419
http://www.cnn.com/2017/10/03/entertainment/dancing-with-the-stars-hollywood-las-vegas-shooting/index.html,1,420
http://dailybuzzlive.com/mom-fights-back-home-invaders-detroits-west-side/,0,421
https://youtu.be/EiZW41bVF9I,1,422
http://www.bbc.com/sport/golf/41549025,1,423
http://abcnews.go.com/ThisWeek/week-transcript-rep-paul-ryan/story?id=13502946&singlePage=true,1,424
http://beforeitsnews.com/u-s-politics/2017/10/where-is-president-trumps-sense-of-compassion-2537449.html,0,425
https://www.nytimes.com/video/us/politics/100000005485677/trumps-immigration-rhetoric-echoes-90s.html?rref=collection%2Fsectioncollection%2Fpolitics,1,426
http://www.whitehouse.gov/the-press-office/2011/11/30/remarks-president-american-jobs-act-0,1,427
https://www.reuters.com/article/us-deloitte-cyber/deloitte-cyber-attack-affected-up-to-350-clients-guardian-idUSKBN1CF29M,1,428
http://data.bls.gov/timeseries/CES0500000001?output_view=net_1mth,1,429
http://beforeitsnews.com/sports/2017/10/2017-fantasy-football-team-defense-rankings-week-5-2701900.html,0,430
https://www.youtube.com/watch?v=AtJWEAj1vZM,1,431
http://beforeitsnews.com/sports/2017/10/103-expo-park-forbes-field-era-pirates-grays-ws-win-game-stories-2701784.html,0,432
http://beforeitsnews.com/u-s-politics/2017/10/las-vegas-shooting-makes-country-guitarist-change-his-mind-on-guns-2537201.html,0,433
http://query.nytimes.com/gst/fullpage.html?res=9D00E7DE1E39F930A25754C0A960958260,1,434
http://www.armytimes.com/article/20130923/NEWS05/309230018/No-mid-Oct-paycheck-troops-government-shuts-down-lawmaker-says?odyssey=tab%7Ctopnews%7Ctext%7CNews,1,435
http://americaneedsmitt.com/blog/2011/11/10/mit-romney-stage/,1,436
https://web.archive.org/web/20070321075045/http://www.asce.org:80/reportcard/2005/actionplan07.cfm,1,437
http://beforeitsnews.com/u-s-politics/2017/10/jimmy-kimmel-weeps-as-he-talks-about-shooting-in-his-hometown-2537202.html,0,438
https://web.archive.org/web/20110811143753/http://www.dems.gov/press/democratic-leaders-say-house-democrats-are-united-against-gop-default-act,1,439
http://beforeitsnews.com/sports/2017/10/lawrence-thomas-officially-makes-switch-to-fullback-2701946.html,0,440
