url_hash,url,title,truth
ce4ae9d7642ceadd61b3fb0e01a9e32c,http://www.nfib-sbet.org/,National Federation of Independent Business,1
54f8a3a6a6bbe01c3aa288d17f9ebce4,http://www.cq.com/doc/newsmakertranscripts-4942265?3,comments in Fayetteville NC,1
f57d81f179144643325067d062910775,https://web.archive.org/web/20080204072132/http://www.rockymountainnews.com:80/news/2008/feb/02/romney-tells-denver-crowd-he-can-salvage-economy/,"Romney makes pitch, hoping to close deal : Elections : The Rocky Mountain News",1
7c7123325613c6940c87f6b18618ebac,https://web.archive.org/web/20110811143753/http://www.dems.gov/press/democratic-leaders-say-house-democrats-are-united-against-gop-default-act,Democratic Leaders Say House Democrats Are United Against GOP Default Act,1
7ebe6d987852d2a79a0969a68b637cf1,https://web.archive.org/web/20070820164107/http://www.whitehouse.gov/omb/budget/fy2008/outlook.html,"Budget of the United States Government, FY 2008",1
5bee3c0216d77be57a79cdee51cf8646,http://www.politifact.com/truth-o-meter/statements/2016/jan/21/donald-trump/donald-trump-exaggerates-when-he-says-china-has-to/,Donald Trump exaggerates when he says China has 'total control' over North Korea,1
a5bd8ff18212dcee1b6cb3aeac9fed8e,https://www.law.cornell.edu/constitution/amendmentxxv,25th Amendment,1
e2ce5f3099e358cc8a8655dd7ad003e3,http://americaneedsmitt.com/blog/2011/11/10/mit-romney-stage/,子供たちのコト。私のコト。,1
c4695b64136b73fa1f8fa8cf887bdf5e,https://web.archive.org/web/20090913221204/http://www.whitehouse.gov:80/the_press_office/Briefing-by-White-House-Press-Secretary-Robert-Gibbs-9/10/09,"Briefing by White House Press Secretary Robert Gibbs, 9/10/09",1
784bb4ee6470547933008b2f34a2cea5,https://web.archive.org/web/20080623122709/http://www.sciam.com/article.cfm?id=a-solar-grand-plan,A Solar Grand Plan: Scientific American,1
a02f23515615ed3ac53b29855d5bdb22,http://www.commonwealthfund.org/Publications/Issue-Briefs/2013/Aug/Covering-Young-Adults-Under-the-Affordable-Care-Act.aspx,Covering Young Adults Under the Affordable Care Act: The Importance of Outreach and Medicaid Expansion,1
b54bb15216a638cc03f83868f5c9cb22,http://www.cbsnews.com/blogs/2010/02/23/politics/politicalhotsheet/entry6235624.shtml%27,"Harry Reid Says GOP Should ""Stop Crying"" About Reconciliation",1
73fa4403129e31ce7ad0a7aec88c68b1,http://politicaladarchive.org/ad/polad_donaldtrump_k1mkc/,Political TV Ad Archive » PolAd,1
0a7b7ebbeab083bc1a408be8d2732bf6,http://data.bls.gov/timeseries/CES0500000001?output_view=net_1mth,Bureau of Labor Statistics Data,1
9bf8b742c5c69efddacb89fb4ac158e6,http://www.kff.org/healthreform/upload/8061.pdf,Summary of the Affordable Care Act,1
be1ea811d114a251b860e24c679516fb,http://abcnews.go.com/ThisWeek/week-transcript-holder-giuliani/story?id=10596448&page=4,'This Week' Transcript: Holder and Giuliani,1
6c4cfca62d34f689771e132b8efb3b84,http://www.nbcnews.com/politics/first-read/impeachment-talk-becomes-cynical-game-n168436,Impeachment Talk Becomes a Cynical Game,1
ca1672aacf0f5bac2eccb588195136c1,http://www.cdc.gov/flu/protect/habits.htm?s_cid=swineFlu_outbreak_003,Preventing the Flu: Good Health Habits Can Help Stop Germs,1
f03f07bde549278508b27b2b94f8176a,https://youtu.be/EiZW41bVF9I,Las Vegas campaign rally,1
618c6ac46e5b61a3264e026254dafe09,https://web.archive.org/web/20080506120114/http://pol.moveon.org:80/mccain10/email.html?,MoveOn.org Political Action: 10 things to know about McCain,1
684d53638b52631ae2e922ca836c1f6c,https://www.youtube.com/watch?v=AtJWEAj1vZM,Rand Paul Campaigns in Iowa for Miller-Meeks,1
f45fd0f07bd11841b3bc28a7ae4a7120,https://www.stlouisfed.org/~/media/Files/PDFs/publications/pub_assets/pdf/itb/2014/In%20the%20Balance%20June%20issue%208.pdf,Hispanic Populations Share of Wealth Likely to Increase by 2025,1
b56dd7f2cca9ecf8b1e07f52c62c3648,http://www.politifact.com/truth-o-meter/statements/2016/mar/15/hillary-clinton/hillary-clinton-says-guns-exceed-next-nine-categor/,Hillary Clinton says guns exceed next nine categories as leading cause of death for young black men,1
110d925d221ba32cf4b37c0195d2d446,http://www.epi.org/blog/lost-decade-working-age-household-income/,Already a lost decade: Working-age household income down more than 10% since 2000,1
52f086f9ac1cdc943f684ba21ff3388c,http://www.senate.gov/pagelayout/reference/nominations/Nominations.htm,U.S. Senate: Supreme Court Nominations: present-1789,1
c4e164ef2020a96cc1a95ae75c555283,https://medium.com/@PolitiFact/politifacts-annotated-transcript-of-the-second-presidential-debate-b54f45edeb99#.8csw9x616,PolitiFact’s annotated transcript of the second presidential debate,1
74b70fb55cd4a3ba34788750f9707d31,http://www.desmoinesregister.com/article/20100324/OPINION01/3250323/1036,Des Moines Register,1
b6c4c4831d62748250e2ae5d865b2cd1,https://web.archive.org/web/20100523071827/http://www.nbc.com:80/the-tonight-show/video/thursday-may-20-2010/1229565/,The Tonight Show with Jay Leno,1
53c268d5cb92a4fe17a13518cecb2785,http://abcnews.go.com/ThisWeek/week-transcript-pelosi-gates/story?id=11298444&page=3,'This Week' Transcript: Pelosi and Gates,1
7e509099bf92f54ca3c059fec1962f24,https://web.archive.org/web/20161007194921/https://www.dni.gov/index.php/newsroom/press-releases/215-press-releases-2016/1423-joint-dhs-odni-election-security-statement,Joint DHS and ODNI Election Security Statement,1
0c589855e8f5b1286f2bfa91e2c1e8fa,http://www.senate.gov/legislative/LIS/roll_call_lists/roll_call_vote_cfm.cfm?congress=110&session=1&vote=00126,U.S. Senate: U.S. Senate Roll Call Votes 110th Congress,1
2e07869f3684e5524cce35c143d6083f,http://www.youtube.com/watch?v=wyoZJUKL3wA&feature=youtu.be,Palin-Huey,1
c9c4c25fc0eac92868d12920fe7649f8,http://www.bls.gov/ces/,"Employment, Hours, and Earnings from the Current Employment Statistics survey (National) Home Page",1
789dbd6415ad87630d83f4c7b25373b6,http://www.nytimes.com/2011/07/11/opinion/11krugman.html?ref=opinion,"No, We Can’t? Or Won’t?",1
f2d4704a14a430d7cccc2de7bd20a782,http://www.nytimes.com/2008/06/03/us/politics/03text-obama.html?_r=1&oref=slogin,Barack Obama’s Remarks in St. Paul,1
1cb4c21b5ec466c0161e4712cec80b58,https://democrats-oversight.house.gov/sites/democrats.oversight.house.gov/files/documents/DIA%20to%20OGR%20unclassified%20cover%20letter.pdf,letter to Chaffetz and Cummings,1
2f337ca8199c380116eb6900e08ee993,http://www.politico.com/arena/perm/John_Lewis_C42BBD6A-7821-4081-9870-082C08FF364E.html,The Arena - Politico's daily debate with policymakers and opinion shapers,1
cc1b15b472147aa579e1ba79d946d1f4,https://web.archive.org/web/20091229194623/http://www.bobmcdonnell.com/index.php/press_releases/details/mcdonnell_letter_urges_no_delay_in_virginia_offshore_energy_exploration_and/,McDonnell Letter Urges No Delay in Virginia Offshore Energy Exploration and Development,1
7b07904936256093f9e25f2af6e7aebc,https://medium.com/hillary-for-america/to-young-people-who-are-undocumented-this-is-your-country-too-e0184e858b40#.2uv6onq62,"To young people who are undocumented: This is your country, too.",1
2645442e35ac530e81b7f86a0b45d3c9,https://apnews.com/c810d7de280a47e88848b0ac74690c83,Transcript of AP interview with Trump,1
b564150d6fa61b46422722ee035bd40e,https://web.archive.org/web/20080618171108/http://www.barackobama.com:80/2008/06/15/remarks_of_senator_barack_obam_78.php,Change We Can Believe In,1
43ef46d701eb40e7d37c2d56462249df,https://web.archive.org/web/20070321075045/http://www.asce.org:80/reportcard/2005/actionplan07.cfm,Infrastructure Report Card 2005,1
0e447a62ca6d2532abf115bda1ad30db,http://blogs.rollcall.com/218/immigration-news-congress-changes-to-trafficking-law/?dcz=,"GOP Task Force, Lone Democrat Eye Trafficking Law",1
871933d9b84002a7a031b8653a69c999,https://web.archive.org/web/20070105024255/http://www.focusonthefamily.com:80/press/focusvoices/A000000025.cfm,Dr. James Dobson,1
6121ee28bba62994e67793d13832a73b,http://www.youtube.com/watch?v=cN10_6pyshQ,McCain: McSame as Bush,1
a5a99032d57470917218aaf9b82838f3,http://www.youtube.com/watch?v=3gwqEneBKUs,john.he.is,1
c6a391c81d915553c03aea0261629a0a,https://web.archive.org/web/20160325190204/https://www.hillaryclinton.com/speeches/remarks-counterterrorism-stanford-university/,Remarks on counterterrorism at Stanford University,1
5f820317eecf3022915d9916d6b95b3e,https://iqmediacorp.com/ClipPlayer/?ClipID=76bcc57c-2250-4061-8cd2-b2996a9541c2,iQ media Clip Player,1
26f9124ac400d2ba48a99726bf6576c7,http://www.whitehouse.gov/the-press-office/2012/04/17/remarks-president-increasing-oversight-manipulation-oil-markets,Remarks by the President on Increasing Oversight on Manipulation in Oil Markets,1
8f3b8fd79520fa1c11cbd7778eef3992,https://web.archive.org/web/20110223135940/http://www.ryannewman.org:80/discussions_display/id-1025,U.S. Army's Involvement in Motorsports,1
82759c1b61d38b0af5304e100eeac0d2,http://www.unhcr.org/en-us/news/press/2016/9/57c7ed604/un-refugee-agency-welcomes-arrival-10000th-syrian-refugee-resettled-united.html,"UN Refugee Agency welcomes arrival of 10,000th Syrian refugee resettled to United States",1
921b8489ba6c0f12e87afcce0f7bf9c7,http://video.foxnews.com/v/4406890723001/watch-a-replay-of-fox-news-5-pm-presidential-debate/?#sp=show-clips,Watch a replay of Fox News' 5 p.m. presidential debate,1
56639d4506fa5536bb8ab645af660655,https://medium.com/@RepMikeHonda/it-s-time-for-the-senate-to-do-its-job-68c059358667#.kouhtn5gj,It’s Time for the Senate to Do Its Job – Congressman Mike Honda – Medium,1
3a6fedcb524480a732f54356d7a394e0,https://web.archive.org/web/20080619050133/http://www.democracynow.org:80/2008/6/18/ralph_nader_on_barack_obama_it,"Ralph Nader on Barack Obama: ""It is Quite Clear He is a Corporate Candidate from A to Z""",1
f21eacaeae19c5b9953974319e38f4b5,http://www.politifact.com/florida/statements/2015/dec/22/marco-rubio/marco-rubio-says-ted-cruz-voted-defense-cuts-rand-/,Marco Rubio says Ted Cruz voted for defense cuts in Rand Paul's budget proposal,1
01620d419da1e1976d365035ad402a83,https://web.archive.org/web/20070103020730/http://www.cdc.gov:80/nchs/products/pubs/pubd/hestats/prelimbirths05/prelimbirths05.htm,Births: Preliminary Data for 2005,1
f15f8f8938678e9f140ec8558010cf4f,http://pollingreport.com/CongJob.htm,Congress: Job Ratings,1
fc376631facae3675f0cc8321dfbe668,http://www.boston.com/news/politics/articles/2011/11/17/before_leaving_governors_office_in_2006_mitt_romneys_staff_eliminated_e_mail_records/?page=2,"Before leaving governor’s office in 2006, Mitt Romney’s staff eliminated e-mail records",1
e457a6974f2f37b2e7b077f431a834e6,https://www.washingtonpost.com/news/the-fix/wp/2016/02/11/transcript-the-democratic-debate-in-milwaukee-annotated/,"Transcript: The Democratic debate in Milwaukee, annotated",1
15bd68ebcb4d8215b79e3e1f92dddc44,https://web.archive.org/web/20080606124724/http://www.tampabay.com:80/news/politics/state/article607793.ece,"Crist has experience to be vice president, McCain says",1
9280593b2942a6d33f47aef0fb720d14,http://www.nytimes.com/2008/03/03/us/politics/03campaign.html?ref=politics,Strong Words in Ohio as Obama and Clinton Press On,1
1ebd02d4899f52a112e4f8227b7e3465,https://web.archive.org/web/20050322064340/http://www6.lexisnexis.com:80/publisher/EndUser?Action=UserDisplayFullDocument,LexisNexis(R) Publisher,1
67e72851a2d8f02946b6a0f5f2675f9d,https://web.archive.org/web/20091003005639/http://barackobamaexperiment.com:80/posts/1575,“Dictionary” on President Obama’s Health Care Taxes,1
780f763bbbfd9acb62f8ff8dff2c6b9b,http://abcnews.go.com/Politics/memory-lapse-trump-seeks-distance-advisor-past-ties/story?id=34600826,Memory Lapse? Trump Seeks Distance From 'Advisor' With Past Ties to Mafia,1
72ea7ac6974694536203f1aa11f720b8,http://www.bea.gov/national/xls/gdpchg.xls,Gross Domestic Product Percent change from preceding period,1
3f715febb7d55f46d9487f266fc82712,http://www.taxpolicycenter.org/sites/default/files/publication/138781/2001170-who-benefits-from-president-trumps-child-care-proposals.pdf,Who Benefits from President Trump’s Child Care Proposals,1
c5f5799456fa0d46ef5e33be22354c3d,http://my.barackobama.com/page/community/post/samgrahamfelsen/gG59gP,Organizing for Action,1
a2c0ccf22bfb4734f6dcbfc834bd7c49,https://web.archive.org/web/20070513055402/http://www.opensecrets.org/pres08/select.asp?Ind=E01,2008 Presidential Election,1
e40ab61cddfc7689ac650d096b187866,https://web.archive.org/web/20090816153543/http://www.whitehouse.gov:80/blog/The-Return-of-the-Viral-Email,The Return of the Viral Email,1
ad8c1277bd29559ac9896c54cb10d650,http://abcnews.go.com/ThisWeek/week-transcript-rep-paul-ryan/story?id=13502946&singlePage=true,'This Week' Transcript: Rep. Paul Ryan,1
79f37d14f43ed7d12e3686af5085054e,http://www.eia.gov/cfapps/ipdbproject/IEDIndex3.cfm?tid=50&pid=53&aid=1,International Energy Statistics,1
7aed221f5832da98f56e3782e3cd3e25,http://www.youtube.com/watch?v=xcfkmklTgDs,Obama campaign radio ad,1
30c1a47fb9863ccac816dae9134633f6,http://www.globalsecurity.org/military/library/news/2009/03/mil-090327-whitehouse01.htm,Remarks by the President on a New Strategy for Afghanistan and Pakistan,1
6b5adfacd0453e1dc74e7ee911c53a90,https://www.washingtonpost.com/local/they-say-they-arrived-in-the-us-illegally-now-theyre-working-on-trumps-dc-hotel/2015/07/06/9a785116-20ec-11e5-84d5-eb37ee8eaa61_story.html,"At Trump hotel site, immigrant workers wary",1
5c40ad28f62d273ff1e12bca31d2e2f7,http://www.cbo.gov/ftpdocs/106xx/doc10642/10-7-Baucus_letter.pdf,"Preliminary Analysis of the Chairman’s Mark for the America’s Healthy Future Act, as Amended",1
04bc85dfde94fdd86a043ebf21b5c3a5,https://web.archive.org/web/20071020022110/http://action.getourtroopsout.com:80/page/content/candidatesonnoresidualtroops/,Candidate Comparison,1
80be18de732678962015fb6546688c3f,https://politicaladarchive.org/ad/PolAd_HillaryClinton_lul1s/,Political TV Ad Archive » PolAd,1
8005e0f04c41d220381f389bd779c966,http://www.nbcnews.com/video/ted-cruz-full-meet-the-press-interview-643057731924,Ted Cruz' Full 'Meet the Press' Interview,1
c23e44de7e605aa8c1cb4bdbd88e5919,http://www.youtube.com/watch?v=iT-lxXsrgaE,"""New Energy"" Ad",1
fe228f25e00a941844d21ec02dee28a5,http://www.mass.gov/legis/laws/seslaw04/sl040149.htm,Session Law,1
5fd1d14e7e9e38ec6b762a4b043c8abb,http://www.cbsnews.com/htdocs/pdf/FTN_083108.pdf,Interview with Rudy Giuliani,1
9bef93906d2db756f5d11708663093b0,http://abcnews.go.com/print?id=10532649,"'This Week' Transcript: McKay, Napolitano, Salazar and Allen",1
4d767b2fd41dd091625ac9508e63f323,http://query.nytimes.com/gst/fullpage.html?res=9D00E7DE1E39F930A25754C0A960958260,Missing Teen-Ager Found in New Jersey,1
91676189ece56b7f0586b6ff5e4a20ba,https://www.politico.com/story/2018/01/17/full-text-jeff-flake-on-trump-speech-transcript-343246,Full text: Jeff Flake on Trump speech transcript,1
68c144552563f650a9b58710381ad830,http://abcnews.go.com/ThisWeek/week-transcript-biden/story?id=11191222&page=4,'This Week' Transcript: Biden,1
45fc2b5538d0cdcc79763b0f1da0e1a3,https://web.archive.org/web/20070602151138/http://www.foreignaffairs.org:80/20070701faessay86402/mitt-romney/rising-to-a-new-generation-of-global-challenges.html?,Rising to a New Generation of Global Challenges,1
59c80c272b730708232fada46ac8f37e,http://frwebgate.access.gpo.gov/cgi-bin/getdoc.cgi?dbname=111_cong_bills&docid=f:h3200ih.txt.pdf,Browse Congressional Bills,1
b01cedd3fdb71e61ec7efab0dd0771bf,http://www.whitehouse.gov/the-press-office/2011/11/30/remarks-president-american-jobs-act-0,Remarks by the President on the American Jobs Act,1
69e9ddde55c319b18fca0f72d23c7ffa,http://www.cq.com/doc/newsmakertranscripts-4953962?9,remarks in Philadelphia,1
2d3804d72b0775dd77a791d13242f6ca,http://politifact.com/truth-o-meter/statements/2010/feb/04/paul-krugman/krugman-calls-senate-health-care-bill-similar-law-/,Krugman calls Senate health care bill similar to law in Massachusetts,1
7808d57bf912a789ca840c010309a37a,http://www.gao.gov/new.items/d071195.pdf,US Government Accountability Office Report to Congressional Committees,1
529171aab2bf5e7088766c842fbb1adc,http://minnesota.cbslocal.com/2016/07/09/philando-stops/,Philando Castile Had Been Stopped 52 Times By Police,1
bfe134ea84675a1c08d69d49cf42ee55,http://www.ilga.gov/senate/transcripts/strans92/ST033001.pdf,Regular Session Senate Transcript,1
c836abf59627cfe8bc246aa8275c8312,https://web.archive.org/web/20050226122120/http://judiciary.house.gov/legacy/lapierre.htm,05/27/99 Committee on the Judiciary,1
92548446f4d6d18e86b9cbba7712b2e5,http://www.brighthorizons.com/about/aboutbh.aspx,About Bright Horizons Child Care & Family Solutions,1
40f2fdce0b4ed10d0d3764eacf7077f7,http://www.armytimes.com/article/20130923/NEWS05/309230018/No-mid-Oct-paycheck-troops-government-shuts-down-lawmaker-says?odyssey=tab%7Ctopnews%7Ctext%7CNews,No MidOct Paycheck for Troops if Government Shuts Down Lawmaker says,1
6ea00bc83383ed73da14cefedee33027,http://abcnews.go.com/Politics/full-interview-transcript-president-barack-obama/story?id=35203825,Full Interview Transcript: President Barack Obama,1
187b983b4fff52b83b591bc4721127e9,http://www.bea.gov/newsreleases/national/gdp/2010/pdf/gdp3q10_2nd.pdf,National Income and Product Accounts Table 175 Relation of Gross Domestic Product,1
8d9d621b6c7b0bdf5792b7d128aac0df,http://www.facebook.com/notes/sarah-palin/americas-enduring-strength/487510653434,America's Enduring Strength,1
3ff93c52c1f73ba64f82206460674d3a,https://web.archive.org/web/20090425195727/http://republicanleader.house.gov:80/News/DocumentSingle.aspx?DocumentID=123296,Debt Day: A Symbol of Washington’s Arrogant Culture of Borrowing and Spending (Boehner Op-Ed on Townhall.com),1
551f755e14a207aa50f8653bcc8e01da,http://abcnews.go.com/print?id=9818034,'This Week' Transcript: Former Vice President Dick Cheney,1
1c93e87d3ee12d9996c8e62b465980d1,"http://www.foxnews.com/story/0,2933,539893,00.html",Transcript: Blue-Ribbon Panel on Health Care,1
d90e487e8199a01d6a5f3a651cbb3f6d,http://www.cq.com/doc/newsmakertranscripts-4329176,Republican response to President Barack Obamas Weekly radio address,1
540e75451cda3ec3c8094e2256df4b20,http://www.colbertnation.com/the-colbert-report-videos/250350/september-23-2009/capitalism-s-enemy---michael-moore,The Colbert Report,1
18a77d12e36819c19a4127ec08570123,http://www.senate.gov/legislative/LIS/roll_call_lists/roll_call_vote_cfm.cfm?congress=105&session=1&vote=00055,U.S. Senate: U.S. Senate Roll Call Votes 105th Congress,1
11abea2ecbf584de596679d1ef83748f,http://elsa.berkeley.edu/~saez/saez-UStopincomes-2007.pdf,Striking it Richer The Evolution of Top Incomes in the United States update with 2007 estimates,1
201a684a5e7d6cbaf058f5a612450e20,http://www.msnbc.msn.com/id/21134540/vp/36687523#36687523,"Outlook, Office, Skype, Bing, Breaking News, and Latest Videos",1
b9dc2c18f0b90a3c868b1005f4f36e30,http://www.popularmechanics.com/space/satellites/a1782/4218443/,China's Space Threat: How Missiles Could Target U.S. Satellites,1
a1f57b994a5288ad5c113872ebdc1a86,http://www.bls.gov/news.release/jolts.htm,Job Openings and Labor Turnover Survey News Release,1
6f2694a6a2b7380d36326dd9e92b5138,http://abcnews.go.com/ThisWeek/week-transcript-goolsbee-brown-corker/story?id=10469580&page=2,"'This Week' Transcript: Goolsbee, Brown & Corker",1
e141ba48e14ea62496ce28205e73f61e,http://www.reuters.com/article/topNews/idUSN0961758520080110,"U.S. considers 3,000 more troops for Afghanistan",1
414651f601e543dd57db57513d86e83e,https://www.washingtonpost.com/news/the-fix/wp/2015/12/19/3rd-democratic-debate-transcript-annotated-who-said-what-and-what-it-meant/?hpid=hp_hp-top-table-main_debateweb-745pm%3Ahomepage%2Fstory,"3rd Democratic debate transcript, annotated: Who said what and what it meant",1
dc0eb625157cbc3c4914d10113ef1d2f,https://www.youtube.com/watch?v=67ubjGrTipk&feature=youtu.be,"Joni Ernst ""Promises"" Ad",1
154b256136e94adf6aad89ffdd55c622,http://www.youtube.com/watch?v=ljVB-tim2Rw,Obama Criticizes McCain on Lobbyists,1
16ba63b94d05a0ffdb66f10127c8c2d0,http://www.motherjones.com/politics/2012/09/secret-video-romney-private-fundraiser,SECRET VIDEO: Romney Tells Millionaire Donors What He REALLY Thinks of Obama Voters,1
cfaec1722780d43cad052e60880659cf,http://www.facebook.com/notes/sarah-palin/peace-through-strength-and-american-pride-vs-enemy-centric-policy/403777543434,Peace Through Strength and American Pride vs. “Enemy-Centric” Policy,1
342a0a0faaccfb51b7596a659151666d,http://abcnews.go.com/Politics/week-transcript-sen-dianne-feinstein-rep-mike-rogers/story?id=19343314#.Ubjcd5z3Nu4,'This Week' Transcript: Sen. Dianne Feinstein and Rep. Mike Rogers,1
5bf737e84098a0cb71020022186ceab6,https://medium.com/@GovGaryJohnson/theres-another-choice-5d1f14b742d5#.gsyzpehxp,There’s another choice – Gov. Gary Johnson – Medium,1
815e9b9f7987233028041eb91c1bf3a5,http://teddeutch.house.gov/news/documentsingle.aspx?DocumentID=344947,Florida Democrats Ask HHS to Protect Floridians from High Insurance Premiums in Marketplace,1
0ebcb1c3b85f5c64cf962150d6bec003,http://www.ohioart.com/etch/,Sale of the Etch A Sketch Brand,1
6e22b1cb9ad5cf8291e5eb19e37c6925,http://edition.cnn.com/2008/POLITICS/10/07/presidential.debate.transcript/,"Transcript of second McCain, Obama debate",1
d2999543f321bc2cf7d9ad22652f795f,https://web.archive.org/web/20080108202709/https://www.mittromney.com/News/Press-Releases/Ad_Remember,"Romney For President Launches New Television Ad, ""Remember""",1
d88fd31dd07fd163a1c27cf974015336,https://web.archive.org/web/20060418144436/http://www.gravel2008.us:80/,Mike Gravel 2008,1
74c4bf6ef506091434e07e636c1f9507,http://www.youtube.com/watch?v=5zrsl8o4ZPo&feature=player_embedded,School kids taught to praise Obama,1
ab5ce7c3b43a66bbf7c69920a08f3968,http://www.cq.com/doc/newsmakertranscripts-4315109,Reps Cummings and Cole Interviewed on MSNBC,1
65bfb4a1bb635b418049e4b0805b9105,http://www.starbulletin.com/news/bulletin/94673904.html,Local News Headlines Hawaii,1
2752c8bfd06a9e15bf60bd1d9a54f0c5,http://www.youtube.com/watch?v=9SAwzrvGjIk&feature=player_profilepage,Michael Bennet for US Senate,1
5bde6bbbc27313708cc6f02351b2a48e,http://www.paul.senate.gov/?p=press_release&id=727,U.S. Senator Rand Paul of Kentucky,1
e3153b94330a53c96860ff11a580a743,http://thomas.loc.gov/cgi-bin/bdquery/z?d109:HR06060:,H.R.6060 - 109th Congress (2005-2006): Department of State Authorities Act of 2006,1
1d143bd59f1e28f88aca0df8a4304ede,http://transcripts.cnn.com/TRANSCRIPTS/0706/05/se.01.html,Transcripts,1
b6639521f39ffc4676940696bd118d67,http://www.nap.edu/catalog.php?record_id=10367#toc,"Care Without Coverage: Too Little, Too Late",1
244afc2b99994b243253a4345b14bdc1,http://www.gpo.gov/fdsys/pkg/BILLS-113s744es/pdf/BILLS-113s744es.pdf,the Border Security Economic Opportunity and Immigration Modernization Act as passed by the Senate,1
8de55221d50ee19f943dfa1cf91b8be3,http://www.youtube.com/watch?v=TuYCknrJZ7A,White and Blue Fund ad,1
b14bdf0ffa01ccad5b9c4320a2f830bf,https://web.archive.org/web/20081006131457/http://www.politifact.com:80/truth-o-meter/mccainpledge/,Pledge of Allegiance E-mail,1
fae04e0b421fc37b51d839a64c55be00,http://www.politifact.com/truth-o-meter/statements/528/,McCain spoke up early,1
8e1f47a51b3979445a7de196830a2235,http://www.politifact.com/truth-o-meter/statements/2012/jul/12/secure-america-now/ad-says-obama-apologized-showed-weakness-iran/,"Ad says Obama apologized, showed weakness on Iran",1
d13dd1da3ab2f3641ea4b3701bad2bcc,http://www.c-span.org/video/?c4546787/hillary-clinton-remarks-national-urban-league-conference,Hillary Clinton Remarks at National Urban League Conference,1
3d1ce02f323b57293e10bde875f3081e,http://www.youtube.com/watch?v=V1YFdGQqJdE&feature=player_embedded,Friend of Israel also woos Palestinians Visiting Obama focuses on Israels right to defend itself,1
73b7df0e8300e81c743032f66084c975,http://edition.cnn.com/TRANSCRIPTS/1304/02/cg.01.html,Transcripts,1
9d8efd221d5453eeecdb8c4b3712aabe,https://web.archive.org/web/20071016102723/http://eia.doe.gov:80/emeu/cabs/Saudi_Arabia/Oil.html,"Saudi Arabia Energy Data, Statistics and Analysis",1
9808c9ae33b96008f554bc82bfbb51ed,http://www.greentechmedia.com/research/ussmi,U.S. Solar Market Insight Report,1
4feb4be62e23dbb4a18ca3f30b7e6130,https://web.archive.org/web/20071016232328/http://frontpagemagazine.com:80/Articles/Read.aspx?GUID=5541E159-6AD5-4CC9-B24D-38374624608C,FrontPage Magazine,1
2c086fa8438e8077e86a89270ef13e58,http://sotu.blogs.cnn.com/2014/12/21/obama-gitmo-inspires-jihadists/,Obama: Gitmo inspires jihadists,1
f3f74caba6767881fe40315507af28d9,http://www.foxnews.com/politics/2009/10/21/raw-data-dick-cheneys-remarks-center-security-policy/,RAW DATA: Dick Cheney's Remarks to the Center for Security Policy,1
a027d5cac684802e4718ca4a003040a1,http://beta.criticalmention.com/app/#clip/view?16261823/token/01fcf225-63fd-4230-87ff-f018e928e80f,Critical Mention,1
5c733e13f2e6333403df98022cf50565,http://www.votesmart.org/speech_detail.php?sc_id=388220&keyword=earmarks&phrase=&contain=,Remarks of Senator Barack Obama An Agenda for MiddleClass Success,1
e98ff53ca4acdde8a4009926f57a9dbd,http://www.forbes.com/2006/04/15/prison-supermax-ross_cx_jr_06slate_0418super.html,Is The End In Sight For Supermax?,1
dfc930edc9d4544c41db0d6ee9f58e03,http://www.msnbc.msn.com/id/35159331/ns/meet_the_press/page/2/,"Outlook, Office, Skype, Bing, Breaking News, and Latest Videos",1
b66d6353dc6f8c73a9ba1752514f0285,http://time.com/4557271/tim-kaine-speech-spanish-arizona/,Tim Kaine's Speech in Spanish at an Arizona Rally: Read Now,1
7f6ca33168f2e41b6569090c576c505e,http://www.bloomberg.com/politics/articles/2016-05-09/trump-s-tough-talk-on-hedge-fund-taxes-doesn-t-match-his-plan,Trump's Tough Talk on Hedge-Fund Taxes Doesn't Match His Plan,1
d0255a3ac45cf439908232e3910326a4,http://crime.chicagotribune.com/chicago/shootings/,Crime in Chicago: Explore your community,1
738d39432a55ad9a3a1ffc2225456c7f,https://web.archive.org/web/20080709210822/http://johnmccain.com/Informing/News/PressReleases/26d74083-c92b-44e9-9600-4e3c30b9a3fb.htm,John McCain for President,1
74b70fb55cd4a3ba34788750f9707d31,http://www.desmoinesregister.com/article/20100324/OPINION01/3250323/1036,Des Moines Register,1
d5521c7257e431af3752c611ef7849f2,https://berniesanders.com/press-release/sanders-supports-gun-safety-bill/,Sanders Supports Gun Safety Bill,1
238462fb76dfdcdab8cb4ef51d28d6b4,http://www.youtube.com/watch?v=D74omWYgv00,"""On and On""",1
e6561897ea4660b93d34e772e0466d34,https://www.sasse.senate.gov/public/index.cfm/press-releases?ID=BB3AAE5D-F593-4228-9008-C6BCC8D3FC2B,Sasse Statement on Trade War,1
8eddcd78818c482ece5200409e5ea3eb,http://www.cbo.gov/ftpdocs/124xx/doc12461/2011_10_07_MBR.pdf,Monthly Budget Review,1
d1b713097d5cb7018ba4a69b485b1787,http://abcnews.go.com/ThisWeek/week-transcript-hillary-clinton/story?id=12959396&page=2,'This Week' Transcript: Hillary Clinton,1
d5fb3d6d9b3f9ac2d17c54e53fbe9c4e,http://www.cdc.gov/nchs/data/nvsr/nvsr60/nvsr60_01.pdf,Centers for Disease Control and Prevention,1
c9c4c25fc0eac92868d12920fe7649f8,http://www.bls.gov/ces/,"Employment, Hours, and Earnings from the Current Employment Statistics survey (National) Home Page",1
09a77464648b5198439a2a1a05daa5cd,https://web.archive.org/web/20130116024005/http://www.pbs.org/newshour/bb/social_issues/jan-june13/keene_01-15.html,"NRA President David Keene Rejects White House Gun Control Approach | PBS NewsHour | Jan. 15, 2013",1
721e5097c32604371d51d0c8a9070c8d,http://www.nytimes.com/2011/04/18/opinion/18krugman.html?_r=3&src=ISMR_HP_LO_MST_FB,Let’s Not Be Civil,1
30df51bddc41d28781ad44bcfde12bac,http://www.ed.gov/about/overview/budget/history/index.html,U.S. Department of Education Budget History,1
1ebd02d4899f52a112e4f8227b7e3465,https://web.archive.org/web/20050322064340/http://www6.lexisnexis.com:80/publisher/EndUser?Action=UserDisplayFullDocument,LexisNexis(R) Publisher,1
1544379eef8ebacd427b6228c102f021,"http://www.foxnews.com/story/0,2933,373450,00.html",Transcript: Bob Barr on 'FOX News Sunday',1
40f15c901c6622d285b2fbf6c383cbc0,https://www.washingtonpost.com/news/the-fix/wp/2016/09/26/the-first-trump-clinton-presidential-debate-transcript-annotated/?hpid=hp_rhp-top-table-main_transcript-905pm%3Ahomepage%2Fstory,"The first Trump-Clinton presidential debate transcript, annotated",1
8ee89c378943cdec703c2a4edd0279e5,http://thehill.com/homenews/house/286795-pelosi-urges-minimum-wage-hike,Pelosi urges minimum-wage hike,1
e79323f177a3c08990948d9be7f52010,http://www.nbcnews.com/meet-the-press/clinton-s-lead-over-trump-shrinks-3-points-new-nbc-n577726,Clinton's Lead Over Trump Shrinks to 3 Points: New NBC News/WSJ Poll,1
8d43a853039388f296b3e312cce8b0c7,http://findarticles.com/p/articles/mi_qn4155/is_20031113/ai_n12522821,FindArticles.com,1
83ac4bebe28f9b19fdffcbe6b778effe,http://nobelprize.org/nobel_prizes/peace/laureates/,All Nobel Peace Prizes,1
906ef69f632099d769889899ce9e8210,https://web.archive.org/web/20061114035029/http://mccain.senate.gov/press_office/view_article.cfm?id=34,U.S. Senator John McCain,1
6ae441051f0f5b9290c83e9f4ad97c1f,http://thomas.loc.gov/cgi-bin/bdquery/z?d103:HR01025:%7CTOM:/bss/d103query.html,H.R.1025 - 103rd Congress (1993-1994): Brady Handgun Violence Prevention Act,1
e0206fb0428e09f2f7e6b1fd9fc3e0ea,http://time.com/3920332/transcript-full-text-hillary-clinton-campaign-launch/,Hillary Clinton Transcript: Read Full Text of Clinton Campaign Launch,1
58426b14c5acf2fae6bdf88d7373159d,http://www.youtube.com/watch?v=uViQ0hVV57Q,John Hagee discusses Catholic Church,1
1d143bd59f1e28f88aca0df8a4304ede,http://transcripts.cnn.com/TRANSCRIPTS/0706/05/se.01.html,Transcripts,1
67cf088ff90278d72f4586632e7ddca4,http://alexander.senate.gov/public/index.cfm?p=NewsArticles&ContentRecord_id=30000d32-784b-4a53-9cf5-53a1bf005777&ContentType_id=cc3ac18e-c52f-4861-b310-83ea6a7150c1&Group_id=303dc633-2307-45c8-ae71-4ba2ace2189b&MonthDisplay=3&YearDisplay=2010,"The Hill: Op-Ed: Go natural, go nuclear",1
e05b82b3ac1ca19229139c42b931303d,http://www.youtube.com/watch?v=tIkNAA2y4I4,Amendment to to declare English as the national language of the Government of the United States,1
36f7b4a98d1438cbf69e00743a4f98dc,http://w3.nexis.com/new/results/docview/docview.do?start=1&sort=BOOLEAN&format=GNBFI&risb=21_T17555183634,Nexis®: Sign In,1
bb23178ccae679d0cdf04f2a06c4c4a7,https://twitter.com/VernBuchanan/status/16939986215,Rep. Vern Buchanan on Twitter,1
aed0a0dd1f4899ed2b91dbdeac95c5de,https://web.archive.org/web/20080212000046/http://transcripts.cnn.com:80/TRANSCRIPTS/0802/05/ltm.03.html,Transcripts,1
ff56740142fe8deef7bd6a0dc9bba211,http://video.foxnews.com/v/5467929100001/?#sp=show-clips,Ivanka Trump: Father feels 'vindicated' after Comey hearing,1
41ef70dda4cc2cc045a9138f0e1289c3,http://politicalticker.blogs.cnn.com/2008/05/05/mccain-touts-gang-of-14-immigration-reform/,"McCain touts 'Gang of 14,' immigration reform",1
cd4f69a422005145f8c5212c20443afa,https://web.archive.org/web/20081022203056/http://www.plannedparenthoodaction.org/campaigns/john-mccain-his-own-words-135.htm,Planned Parenthood® Action Center,1
7ed913d0e92ac343673cef8886a8c477,https://web.archive.org/web/20081016082039/http://debates.org/pages/trans2008d.html,CPD: 2008 Debate Transcript,1
b53983fb33e832455fdb2a189b00e21d,https://web.archive.org/web/20090612021235/http://www.talkingpointsmemo.com:80/photofeatures/2009/06/more-czars-than-the-romanovs.php?img=1,More Czars Than the Romanovs,1
13c63150b6a1c10ece394499088252fa,https://web.archive.org/web/20081029143250/http://www.taxpolicycenter.org/numbers/displayatab.cfm?Docid=2007,"Impact of Senator Obama's Tax Proposals as Described by Economic Advisors on Workers, Distribution of Federal Tax Change by Cash Income Percentile, 2009",1
0be9bcac246f6075351a47bad6a52850,http://www.politifact.com/truth-o-meter/statements/210/,"He says universal, but it's no guarantee",1
537d40ca389b773d809728198cabccba,https://web.archive.org/web/20101217214909/http://www2.tbo.com:80/content/2010/dec/13/131756/news-channel-8-anchor-keith-cate-interviews-obam1/news-politics/,Obama addresses key concerns for Floridians,1
17bf80b8a4e541868bccd7f398a81b95,http://www.whitehouse.gov/the-press-office/2012/06/23/op-ed-president-obama-president-obama-reflects-impact-title-ix,Op-ed by President Obama: President Obama Reflects on the Impact of Title IX,1
0a9db17382bcf2a8f1875e0d138dd5d2,http://abcnews.go.com/ThisWeek/week-transcript-adm-mike-mullen/story?id=12204355&page=2,'This Week' Transcript: Adm. Mike Mullen,1
39a543073990b96a0d28b6b911162d4c,https://web.archive.org/web/20071101044550/http://obama.senate.gov/press/071018-obama_demands_i/,Obama Demands Investigation into Subprime Loan Discrimination,1
1ebd02d4899f52a112e4f8227b7e3465,https://web.archive.org/web/20050322064340/http://www6.lexisnexis.com:80/publisher/EndUser?Action=UserDisplayFullDocument,LexisNexis(R) Publisher,1
46022b475814758b1058ce6758a70d6e,http://www.msnbc.msn.com/id/43779830/ns/meet_the_press-transcripts/,"Outlook, Office, Skype, Bing, Breaking News, and Latest Videos",1
c6e8ad7b37ee78e54f9d6de9585fffb1,http://blogs.wsj.com/washwire/2015/07/13/hillary-clinton-transcript-building-the-growth-and-fairness-economy/,Hillary Clinton Transcript: Building the ‘Growth and Fairness Economy’,1
d8b9166fe981fc4c6b82917c44256b29,http://www.washingtonpost.com/wp-dyn/content/article/2009/08/28/AR2009082803158.html,Topic A: How Can President Obama Regain His Political Footing?,1
be681c84f5382be7d766d5239818d1bb,"http://www.time.com/time/magazine/article/0,9171,810925,00.html",AUTOS: The Dinosaur Hunter,1
12a64b7bd70921e683f664746ccac6f1,http://www.youtube.com/watch?v=Vp6x3mEU4ok&list=UUOKW-o3oYdFmrMNcTLVuaoA,3/8/14 Sen. Rob Portman (R-OH) delivers Weekly GOP Address on American jobs,1
dd0b533513630787b283ec7f9581e176,http://www.msnbc.msn.com/id/29705720/,"Outlook, Office, Skype, Bing, Breaking News, and Latest Videos",1
4c404472f3c6a0db9b12a10855c7418a,http://www.themoscowtimes.com/opinion/article/forget-kiev-the-real-fight-will-be-for-crimea/495145.html,Forget Kiev. The Real Fight Will Be for Crimea,1
2344d4a42895a6231d38aaec33a4f9f3,https://web.archive.org/web/20070513055236/http://www.opensecrets.org/pres08/select.asp?Ind=K02,2008 Presidential Election,1
ac78a84150b5c6fe8641f406b490b239,http://www.cq.com/graphics/moneyline/pfd/p07pfd/00000/00000014.pdf,Public financial disclosure report,1
07a3e8e2b7dc5105e000dd60e979bc07,https://web.archive.org/web/20080610072007/http://www.newschannel5.com:80/Global/story.asp?S=8414824,McCain Campaigns In Nashville,1
6d9c60978d10cd4ea9610c0b5e90ff26,http://www.cnn.com/2009/US/10/30/guantanamo.h1n1.shots/index.html,H1N1 vaccinations to be offered to Guantanamo Bay detainees,1
c19d3cf33849087cf4aff2e2352df63c,http://www.nytimes.com/2015/07/24/us/politics/inquiry-is-sought-in-hillary-clinton-email-account.html,Inquiry Sought in Hillary Clinton’s Use of Email,1
9ddc275364b3c1a60fc9b248cab8da4e,http://www.realclearpolitics.com/video/2013/07/27/cnns_don_lemon_bill_oreillys_criticism_of_black_community_doesnt_go_far_enough.html,"CNN's Don Lemon: Bill O'Reilly's Criticism Of Black Community ""Doesn't Go Far Enough""",1
9931462586c229cb668af50271066682,https://web.archive.org/web/20090513070231/http://www.whitehouse.gov/omb/budget/Historicals/,FY 2010 President's Budget,1
07e7858849a877ce08461503045d485c,http://www.youtube.com/watch?v=hWi7JI55G-c&feature=player_embedded,"""Give Me a Break"" Americans Against Food Taxes TV Ad 2011",1
ed780bf2477b9a0d42702b0be443b526,https://twitter.com/BarackObama/status/347057653089988608,Barack Obama on Twitter,1
0ba94eae6e01b6c030c37d70da915d70,http://thomas.loc.gov/cgi-bin/query/z?c106:H.R.2122:,Text - H.R.2122 - 106th Congress (1999-2000): Mandatory Gun Show Background Check Act,1
562bd9109ba005127f66be0cb8709616,https://web.archive.org/web/20080226201453/http://ap.google.com:80/article/ALeqM5isOFwdbq0tsqatW6vJpkDRTI1gMgD8V0T1JO0,The Associated Press: Obama Hits Clinton on NAFTA Support,1
e7194fc62dc73bdcdb0207f5e7839400,http://www.cbsnews.com/news/democratic-debate-bernie-sanders-really-isnt-as-socialist-as-president-eisenhower/,"Democratic debate: Bernie Sanders really isn't as ""socialist"" as President Eisenhower",1
93f731debae6e93e6cb6e97230245c6d,http://abcnews.go.com/ThisWeek/week-transcript-madeleine-albright-sen-lindsey-graham-sen/story?id=12143913&page=4,"'This Week' Transcript: Madeleine Albright, Sen. Lindsey Graham, Sen. Kent Conrad and David Cote",1
5dfb69d4a3e4e14f90ca8462060560af,https://web.archive.org/web/20091016143946/http://www.msnbc.msn.com:80/id/33253216/ns/meet_the_press/page/3/,"Oct. 11: Levin, Graham, McCaffrey, Myers, roundtable",1
5f4abf2ee84732e29b488add5d8267fb,http://www.cbo.gov/sites/default/files/cbofiles/attachments/08-22-2012-Update_to_Outlook.pdf,Republican consultant says Barack Obama promised to halve federal deficit in his first term,1
d49a7a02bb21b1cd5ddcbe63417f3d00,http://www.youtube.com/watch?v=CUOM9QvhG5I,"DNC TV AD: ""Trapped""",1
edeb7168b74795d7242150c8eb55502a,http://www.foxnews.com/on-air/fox-news-sunday-chris-wallace/2013/03/31/mark-kelly-whether-call-action-gun-control-fading-cardinal-donald-wuerl-new-pope,Fox News Sunday,1
2f9fb6000a60e5030040605d5a9b2dcc,http://www.whitehouse.gov/the-press-office/2011/07/06/remarks-president-twitter-town-hall,Remarks by the President in Twitter Town Hall,1
f2d4704a14a430d7cccc2de7bd20a782,http://www.nytimes.com/2008/06/03/us/politics/03text-obama.html?_r=1&oref=slogin,Barack Obama’s Remarks in St. Paul,1
95d29d4cc05224f4db8d18d6dacd6474,https://web.archive.org/web/20080213201909/http://facts.hillaryhub.com/archive/?id=4497,The Fact Hub,1
411fbca3b2d4fa4730cf6020e6c55897,http://www.kff.org/minorityhealth/upload/6069-02.pdf,"Key Facts: Race, Ethnicity and Medical Care",1
909af4fc51618e07e744948c218a5015,http://www.nytimes.com/2008/08/23/us/politics/23text-biden.html,"Senator Biden’s Remarks in Springfield, Ill.",1
194b56aea934d70fe7a79b6ef531ee89,https://web.archive.org/web/20090924105940/http://www.rollcall.com:80/features/Health-Care_Policy-Briefing/health_care/38655-1.html,Rockefeller: An Opportunity We Cant Pass Up,1
368f0ce358ddc3e565d50ba8eee8d9bd,http://triblive.com/politics/politicalheadlines/8147758-74/bush-terrorism-florida#axzz3XO3B7Cm9,"Call 'Islamic terrorism' what it is: a threat to West, Jeb Bush says",1
513a55a20adc602c37a889463dc6213e,http://www.whitehouse.gov/the-press-office/2010/09/20/remarks-president-cnbc-town-hall-discussion-jobs,Remarks by the President at CNBC Town Hall Discussion on Jobs,1
ec91362a63e67a6a5ca422fff3ac1050,https://webcache.googleusercontent.com/search?q=cache:iAHFXMsO0xwJ:https://www.whitehousehistory.org/questions/did-slaves-build-the-white-house+&cd=1&hl=en&ct=clnk&gl=us&client=safari,Q&A: Did slaves build the White House?,1
f1b102e4c264f4a9c3504d726e24aae0,https://web.archive.org/web/20091014151848/http://www.pbs.org:80/newshour/bb/health/july-dec09/insurance_10-12.html,"Health Reform Carries Heavy Price, Insurers Claim",1
aae0db6360672556648b41fcbbda74af,http://www.nytimes.com/2009/03/05/us/politics/05obama-text.html,Obama’s Remarks at the White House Health Care Forum,1
c4f520dbadc75cb7eb834bd0618b7315,http://www.whitehouse.gov/the-press-office/2012/08/09/remarks-president-campaign-event-colorado-springs-co,"Remarks by the President at Campaign Event -- Colorado Springs, CO",1
6a60f7b29a6213ebd011dde0f4bf4759,http://www.msnbc.msn.com/id/32935603/ns/meet_the_press/page/3/,"Outlook, Office, Skype, Bing, Breaking News, and Latest Videos",1
6e2d615dd01e0c7a3f6a0f47c0b93db4,http://www.politico.com/magazine/story/2014/10/if-democrats-lose-the-senate-blame-these-guys-112117.html#.VFZOMfTF97s,"If Democrats Lose, Blame These Guys",1
d2beea62aa1915e4522a983990ade43a,http://bioguide.congress.gov/scripts/biodisplay.pl?index=M000303,"McCAIN, John Sidney, III",1
98f0659ae900a2a75a773d95b8fa929d,http://www.whitehouse.gov/the-press-office/2012/05/05/remarks-president-and-first-lady-campaign-event,REMARKS BY THE PRESIDENT AND FIRST LADY AT A CAMPAIGN EVENT,1
b758af2c4a1d70ea9c95077c3abbe654,https://web.archive.org/web/20100215141959/http://republicanleader.house.gov:80/News/DocumentSingle.aspx?DocumentID=170154,"As Dems’ “Stimulus” Anniversary Nears, Americans Ask: “Where are the Jobs?”",1
3ffaadd2a16756b7825e5ac5236af882,http://www.cq.com/doc/newsmakertranscripts-4264862,Rep Poe Interviewed on Fox Business Network,1
ed1b4d4172883dda2aa71631dbdd4f76,http://cq.com/doc/newsmakertranscripts-4408218,Senate Democrats news conference on the Senate Climate Action Task Force,1
41acd08399bff68ba67c0b5eb13ae24d,http://abcnews.go.com/ThisWeek/week-transcript-kaine-steele/story?id=10721384,'This Week' Transcript: Kaine and Steele,1
9f971ec11afd6df3fc40446a661fa228,http://query.nytimes.com/gst/fullpage.html?res=9402E4D61E3FF93AA25753C1A961958260,RACE FOR CITY HALL: The Republican Candidate; A Mercurial Mayor's Confident Journey,1
3e93fee249548a318cdbbc89cb1439e9,http://nymag.com/news/features/34992/,Encounters With 'Regular Guy' Fred Thompson -- New York Magazine,1
e330e636ca1f6c11e0b1d2ee8bde0369,https://www.census.gov/foreign-trade/statistics/historical/goods.pdf,US Trade in Goods,1
5958799af1ad4b7b81abd8f0a26d0cbd,http://www.whitehouse.gov/the-press-office/2013/08/06/remarks-president-responsible-homeownership,Remarks by the President on Responsible Homeownership,1
72dc6e42dcfecf8026d85ff075ca17ce,http://www.washingtonpost.com/ac2/wp-dyn/A58859-2003Jul28,"Washington Post: Breaking News, World, US, DC News & Analysis",1
31ab8ae7cd546524560617e321e94ab7,http://www.cq.com/doc/newsmakertranscripts-4328623,interview with Bloomberg television,1
53abc344eb87710e73dccdbc68c37c18,http://www.acton.org/pub/commentary/2012/02/08/obamacare-vs-catholic-bishops,Obamacare vs. the Catholic bishops,1
2939055bda4611f091e856a03bbbbf8a,http://www.fdic.gov/news/news/financial/2005/fil1405.html,FDIC: FIL-14-2005: Revised Examination Guidance,1
9e8ed6d1bab07db7193ea6ede4979b36,http://www.supremecourt.gov/about/members_text.aspx,Justices 1789 to Present,1
6bc1ddb90200b1b28c0b0346fa9cb5df,http://cbo.gov/ftpdocs/100xx/doc10014/03-20-PresidentBudget.pdf,A Preliminary Analysis of the President’s Budget and an Update of CBO’s Budget and Economic Outlook,1
3499c6cb401a4a65c9cc4c1c21942f6c,http://thomas.loc.gov/cgi-bin/bdquery/z?d104:s.01591:,"S.1591 - 104th Congress (1995-1996): A bill to prohibit campaign expenditures for services of lobbyists, and for other purposes.",1
017da0a834a0780ae531e9d0d6ea3f3d,https://web.archive.org/web/20011107072419/http://www.teamster.org:80/01news/hn_010731_3.htm,Teamsters Tout ANWR on Capitol Hill,1
18c5c65f5782488422178ae931748286,https://web.archive.org/web/20070926214934/http://obama.senate.gov/press/070918-senate_passes_o_2/,Senate Passes Obama-Hagel Provision Aimed at Preventing Nuclear Terrorism,1
1eb4eedff3ab827c89d7bafe6eac40b0,"http://www.foxnews.com/story/0,2933,183845,00.html",Transcript: House Majority Leader Boehner on 'FNS',1
431a53e95707a342b6d898e9f448a395,https://web.archive.org/web/20080717022107/http://www.johnmccain.com/Informing/News/PressReleases/Read.aspx?Guid=e92e0317-02b3-4345-82f9-9eac8bb0a50d,John McCain for President,1
77877cc7d9de56b40d09a0294ecac9bd,https://web.archive.org/web/20090604101517/http://www.whitehouse.gov/the_press_office/Background-Briefing-on-GM-Restructuring-May-31-2009/,"Background Briefing on GM Restructuring, May 31, 2009",1
1bafdc051a2f99c139cf48b75b60baeb,http://stabenow.senate.gov/?p=press_release&id=262,U.S. Senator Debbie Stabenow of Michigan,1
313a6748184214e50fa258ab1e2fcaae,http://web.archive.org/web/20060228220724/http:/energycommerce.house.gov/108/News/02152006_1778.htm,The Committee on Energy and Commerce,1
4a79deed3101a6fe9cb46839e3466bd6,https://web.archive.org/web/20080212013357/http://blog.aflcio.org:80/2008/02/08/writers-may-have-pact-huckabee-crosses-picket-lineagain/,Writers May Have Pact. Huckabee Crosses Picket Line—Again,1
8a769ab199eff6b66e70626ef9b781c0,http://abcnews.go.com/International/wireStory?id=4662887,"Latest World News, Videos & Photos -ABC News - ABC News",1
de529c0a802a253ad41a84874bc4b957,https://web.archive.org/web/20090617192953/http://www.gop.gov/wtas/09/06/10/congressman-pence-discusses-house-republican,Congressman Pence Discusses House Republican Energy Bill on MSNBC's Morning Joe,1
56968b7179efe40d145217182c4eddbc,https://web.archive.org/web/20100330081658/http://switchboard.nrdc.org:80/blogs/bfinamore/chinas_carbon_intensity_target.html,"Switchboard, from NRDC :: Barbara Finamore's Blog :: China’s Carbon Intensity Target",1
80267f85f2fafbd5591f681ee63316f2,http://politicalticker.blogs.cnn.com/2012/10/12/transcript-vice-presidential-debate/,Transcript: Vice Presidential Debate,1
18f9b84151a1e6acb90aef5e967a6d6b,http://www.cq.com/doc/newsmakertranscripts-4807408?0,comments at the CNN Republican presidential debate in Las Vegas,1
60a6388b181452695cfab504193daffa,http://www.cnn.com/2008/POLITICS/08/29/palin.bio/,"Palin: Pioneer, maverick -- and now game-changer",1
a444aa1aaa530c7fcd550a2121d14f96,http://www.washingtonpost.com/wp-dyn/content/article/2009/09/07/AR2009090702070.html?wprss=rss_opinions,Why the Public Option Isn't the Only Answer to Health-Care Reform,1
43d83d84ea36622e193fca40b7936940,https://medium.com/@RepJoePitts/one-in-four-6665a7ddffd#.owx09xl56,One in Four – Congressman Joe Pitts – Medium,1
1e8c63d371cb22088f273898b1f8fbba,https://web.archive.org/web/20121221015559/http://west.congressnewsletter.net:80/common/mailings/index.cfm?id=190,Congressman Allen West : Final Weekly Wrapup,1
503eb44ec889c112e5f76844feacf37c,https://web.archive.org/web/20100405072544/http://demint.senate.gov:80/public/index.cfm?p=JimsBlog,United States Senator Jim DeMint,1
b767ec438d4d5c8e475344e676b3e937,http://sotu.blogs.cnn.com/2013/10/27/rebooting-you-and-your-doctor-under-obamacare/,Rebooting: You and your doctor under Obamacare,1
eb9271bcd8526753f542a104e84743a6,http://www.cuinsight.com/media/news/card_penalty_fees_soften_slightly_in_2010.html,Card Penalty Fees Soften Slightly In 2010,1
48e9a26dc51c2bb6eff113d43a1a0d16,http://frwebgate.access.gpo.gov/cgi-bin/getpage.cgi?position=all&page=E1558&dbname=2010_record,Assistant professor of economics at the Gatton College of Business and Economics at University of Kentucky,1
2202e90be6e36a8cfd0cfb30ed947cca,https://www.c-span.org/video/?442305-1/president-trump-campaigns-rick-saccone-pennsylvania&start=180,"President Trump Campaigns Rick Saccone Pennsylvania, Mar 10 2018",1
15a34681ee7ad654c13ef6be0325a2ad,https://web.archive.org/web/20010609190032/http://www.fuelgaugereport.com:80/index.asp,Daily Fuel Gauge Report Aug 1,1
238ee0e16857e909627fca145d4f45c2,http://action.citizen.org/campaign.jsp?campaign_KEY=26880,Public Citizen,1
7d398112efb8b125752f2b9053630a70,http://therightscoop.com/watch-full-ted-cruz-presser-on-new-deal-with-kasich/#ixzz46rOcQFys,WATCH FULL Ted Cruz presser on new deal with Kasich (UPDATE: PART TWO ADDED),1
b9c28c46f38c8dca6b5f779880de7504,https://web.archive.org/web/20090624230658/http://www.whitehouse.gov/blog/Protecting-Our-Children-from-the-Dangers-of-Smoking/,Protecting Our Children from the Dangers of Smoking,1
92c968a542b26f91bf1f585987ae4c0f,http://www.cnn.com/2008/POLITICS/01/21/debate.transcript/index.html,Part 1 of CNN Democratic presidential debate,1
a72449dead2637d87f38447a59f31d6a,https://web.archive.org/web/20100827015529/http://news.yahoo.com:80/s/ap/20100825/ap_on_re_us/us_nyc_mosque,"9/11 families, others rally in favor of NYC mosque",1
9295e77ff5e3e57b0798a4dfd4de6f42,http://www.cdc.gov/nchs/data/dvs/nvsr52_14t12.pdf,Resource Not Available,1
67d6d8ae741a77482594a1d703b7ef42,http://www.cnn.com/2008/POLITICS/10/15/debate.transcript/index.html,"McCain, Obama go head to head in last debate",1
4e12bdfc6b011f33a503c185a30974a3,http://my.barackobama.com/page/dashboard/public/gGxqkb,Take action,1
f35e717ba5c57b50acea8b6b8779f302,http://transcripts.cnn.com/TRANSCRIPTS/1202/04/se.04.html,Transcripts,1
9bba6bfc8ac37325e9072f6be38e33df,http://abcnews.go.com/ThisWeek/week-transcript-gen-jim-jones-ret/story?id=13285705&page=3,'This Week' Transcript: Gen. Jim Jones (Ret.),1
82bb3a5b5631ddd5955599f54660ced4,https://web.archive.org/web/20090224213953/http://www.mcclatchydc.com:80/251/story/62614.html,"Earmark reform? 2009 spending bill contains 9,000 of them",1
0d9a226f5deee36de484182853dc95ab,http://www.politifact.com/new-jersey/statements/2013/may/02/leonard-lance/leonard-lance-claims-federal-tax-code-contains-4-m/,"Leonard Lance claims federal tax code contains 4 million words, is 7 times as long as Bible",1
57a4aaa91829e4ea61c5dec2ab4a707c,https://web.archive.org/web/20081101133832/http://www.campaignmoney.org/mccainairbus,Public Campaign Action Fund,1
361688d8c42455c8e00d5bb55dd12ba7,https://web.archive.org/web/20100716185746/http://www.tsa.gov:80/approach/tech/ait/faqs.shtm,TSA: Frequently Asked Questions,1
565770d29af4147df61a14544c8b1aca,http://cq.com/doc/newsmakertranscripts-4375816,Rep Jan Schakowsky on MSNBC,1
3ee90a6d8c43225c8b307a47227c7fb4,https://web.archive.org/web/20160709050756/https://www.donaldjtrump.com/press-releases/donald-j.-trump-on-the-stakes-of-the-election,Donald J. Trump on the Stakes of the Election,1
618c6ac46e5b61a3264e026254dafe09,https://web.archive.org/web/20080506120114/http://pol.moveon.org:80/mccain10/email.html?,MoveOn.org Political Action: 10 things to know about McCain,1
46280175ce8685afc134be9da5e303ec,http://www.defenselink.mil/pubs/pdfs/Measuring_Stability_and_Security_in_Iraq_March_2009.pdf,United States Department of Defense,1
537d23f2002d541cd202a9da15bb0016,https://web.archive.org/web/20070911181319/http://pol.moveon.org/petraeus.html,MoveOn.org Political Action: General Petraeus or General Betray Us?,1
618c6ac46e5b61a3264e026254dafe09,https://web.archive.org/web/20080506120114/http://pol.moveon.org:80/mccain10/email.html?,MoveOn.org Political Action: 10 things to know about McCain,1
7e43dd6a20031b6b1e8d46ba3384c6c9,http://www.cnn.com/2008/POLITICS/02/21/debate.transcript/,The CNN Democratic presidential debate in Texas,1
42beae6e6557c1f4eb8c14365fc82b04,http://query.nytimes.com/gst/fullpage.html?res=940DEFDD133AF933A25755C0A962958260&sec=&spon=&partner=permalink&exprod=permalink,"New York Officials Welcome Immigrants, Legal or Illegal",1
1b4fb5a61fd4f74b04f7047b3e9ccfd2,http://www.nytimes.com/2013/04/18/opinion/a-senate-in-the-gun-lobbys-grip.html?src=me&ref=general&_r=0,A Senate in the Gun Lobby’s Grip,1
2f23a62d677edd2723eacc5aa0b21a1e,http://www.youtube.com/watch?v=jOVEHGnwGhA,public information officer for Palm Beach County Property Appraisers Office,1
bd97db2460471292734065c4dc10d205,http://www.businessinsider.com/estonia-efficient-tax-filing-system-world-2012-2,Estonia Might Have The Most Efficient Tax Filing System In The World,1
643ed711df380b6ccaf441926f903371,http://www.whitehouse.gov/the-press-office/2015/01/07/remarks-president-resurgence-american-auto-industry,Remarks by the President on the Resurgence of the American Auto Industry,1
77ed07fb1b156246f2c0bf126df76ed1,https://web.archive.org/web/20100125035945/http://republicanleader.house.gov:80/News/DocumentSingle.aspx?DocumentID=167478,"PWNED: House GOP Dominates Twitter, YouTube, Social Media in Congress",1
d22b9371c89a70b9a0467637ae6315dd,http://www.mittvmitt.com/,当ブログでは福岡県内にある不動産会社についてさまざまな情報をまとめています。福岡市の分譲マンションやマンション経営で頼りになる企業をご紹介！,1
71b012b8f561f65c2c471be579432642,http://www.govtrack.us/congress/billtext.xpd?bill=h107-3338,Text of H.R. 3338 (107th): Department of Defense and Emergency Supplemental Appropriations for Recovery from and Response to ... (Passed Congress version),1
b3d1ecb4caacf3fe8e7435d0fa7d4179,http://www.youtube.com/watch?v=_YXqf_6ug54,Mourning in America,1
130d2f2d5f194df94f7004b96541788c,http://www.msnbc.msn.com/id/3080247/,"Outlook, Office, Skype, Bing, Breaking News, and Latest Videos",1
ae99c812dcdb315ef2a7c42e2ccf860a,http://www.nytimes.com/2008/02/26/us/politics/26text-debate.html?pagewanted=13&_r=1&adxnnlx=1204132144-xyVy8pN0n1xCgMNXI73z6A,The Democratic Debate in Cleveland,1
8f370c12e73f5f907d8ffdb4125be103,https://web.archive.org/web/20070706232742/http://vote-smart.org/issue_rating_category.php?can_id=22003,Interest Group Ratings,1
9121bf8a0e25054fdf93bdf9397d7ec2,http://elections.nytimes.com/2008/president/debates/transcripts/first-presidential-debate.html,First Presidential Debate,1
0f8ff60326ee8899fdea6a1b6f524409,http://www.youtube.com/watch?v=VFknKVjuyNk,Town Hall Meeting in Derry NH,1
130d2f2d5f194df94f7004b96541788c,http://www.msnbc.msn.com/id/3080247/,"Outlook, Office, Skype, Bing, Breaking News, and Latest Videos",1
84b5bb6593e7880908a23ff4eed17473,http://www.youtube.com/user/JohnMcCaindotcom#p/u/2/FKm2JCniKpY,John McCain,1
91269fe478467c308a941dfced750674,https://web.archive.org/web/20080906104758/http://www.johnmccain.com:80/informing/news/Speeches/ef046a10-706a-4dd5-bd01-b93b36b054bc.htm,McCain-Palin 2008,1
870d4aedac558f17d74824e58783afc7,http://politicaladarchive.org/ad/PolAd_BernieSanders_7h37u/,Political TV Ad Archive » PolAd,1
759576bc3c1f58ea5c2b47143cba6166,https://web.archive.org/web/20090816181927/http://www.pbs.org:80/newshour/bb/politics/july-dec09/shieldsbrooks_08-14.html,Public Views on Health Care Overhaul Top Week's News,1
ca438ac482bf8dd615d10f95d3db9d32,http://www.politifact.com/ohio/statements/2016/mar/14/rob-portman/most-heroin-us-comes-over-mexican-border/,"Most heroin in U.S. now comes across Mexican border, Rob Portman says",1
a5392bea2f31307769811d6018959d68,http://www.unionleader.com/article/20111129/OPINION02/711299993,"Rick Santorum: By amending constitution, we can balance the budget for good",1
f0b0a34d02e9be9b1f66de03d6fdb2bf,http://www.ssa.gov/history/nestor.html,Social Security Online History Pages,1
a166659409ea845aa29e5e9c5c6f4373,http://data.bls.gov/PDQ/servlet/SurveyOutputServlet,Notice: Data not available: U.S. Bureau of Labor Statistics,1
c34ada3dcc3aecbf20d1aa37666c726c,https://www.washingtonpost.com/news/fact-checker/wp/2016/05/18/clinton-campaigns-claim-that-trump-would-force-schools-to-allow-guns-in-classrooms/,Clinton campaign’s claim that Trump would ‘force schools to allow guns in classrooms’,1
31b0ab59034f2c24b45dfaaf3ed1cca4,http://www.politifact.com/truth-o-meter/statements/2012/oct/16/barack-obama/obama-mitt-romney-refused-say-whether-he-supports-/,Obama: Mitt Romney refused to say whether he supports Lilly Ledbetter Act,1
f3345494ed8d3fb43645c47d8fc7c7c3,http://www.cq.com/doc/newsmakertranscripts-4901417?5,foreign policy speech,1
0cf631ac2475f0e9cdda9705afa7fe6f,http://documents.nytimes.com/justice-department-memos-on-interrogation-techniques#p=85,Justice Department Memos on Interrogation Techniques,1
6130aae3f47ee77f3592653a28914be0,https://medium.com/@PolitiFact/politifacts-annotated-transcript-of-the-second-presidential-debate-b54f45edeb99#.6sodpyhkw,PolitiFact’s annotated transcript of the second presidential debate,1
91ab45d6ccad4243d79a066fe3fa7384,https://twitter.com/DWStweets/status/870250319644676097,Debbie Wasserman Schultz on Twitter,1
74f5e0d0b5109828720284cb47842113,https://web.archive.org/web/20170313220530/https://www.whitehouse.gov/the-press-office/2017/03/13/remarks-president-trump-listening-session-healthcare,Remarks by President Trump in a Listening Session on Healthcare,1
40ddb4d59e74f9e9628c892604537c51,http://www.youtube.com/watch?v=8BTl2pSmpYk&feature=player_embedded,Romney campaign ad,1
bd506baae4624dbd14b2f69505922f8d,https://medium.com/@CarlyFiorina/what-carly-is-doing-tonight-d53e747382ec#.6qz44w5un,What Carly is doing tonight – Carly Fiorina – Medium,1
b32570787a8528d74993f7f8b76900dc,https://www.youtube.com/watch?v=ncjPBUW314c,Children - Obama for America TV Ad,1
e7f7c6eec51c6aac99d226ee0f000381,https://web.archive.org/web/20070915144031/http://www.kff.org:80/insurance/7672/,2007 Kaiser/HRET Employer Health Benefits Survey,1
6084c9b64cabc1180849a66327697302,http://www.msnbc.msn.com/id/21134540/#42160354,"Outlook, Office, Skype, Bing, Breaking News, and Latest Videos",1
ca438ac482bf8dd615d10f95d3db9d32,http://www.politifact.com/ohio/statements/2016/mar/14/rob-portman/most-heroin-us-comes-over-mexican-border/,"Most heroin in U.S. now comes across Mexican border, Rob Portman says",1
f9f4583930988e3444d39c32ad14c8db,http://www.nytimes.com/2011/06/10/opinion/10krugman.html?partner=rssnyt&emc=rss,Rule by Rentiers,1
b04804a8dd87eb63508471a1d84f4a2f,https://www.washingtonpost.com/news/post-politics/wp/2016/01/02/donald-trump-featured-in-new-jihadist-recruitment-video/,Donald Trump featured in new jihadist recruitment video,1
2a85f69de5da2cd66ddd8b382f072bd8,http://www.msnbc.msn.com/id/38384219/ns/meet_the_press-transcripts,"Outlook, Office, Skype, Bing, Breaking News, and Latest Videos",1
841ea9f46a56ee670a30e1589d839424,http://www.cq.com/doc/newsmakertranscripts-4310502,interview on Fox News,1
c5aa80911e199e4e971b201341143c8e,http://www.politifact.com/truth-o-meter/statements/2014/jan/24/patrick-kennedy/has-potency-pot-changed-president-obama-was-high-s/,Has the potency of pot changed since President Obama was in high school?,1
972f54aaf3a068c5261aa05a90e07301,https://web.archive.org/web/20080131000131/http://www.barackobama.com/2008/01/30/remarks_of_senator_barack_obam_45.php,Change We Can Believe In,1
9538be925ca29a89792d9fc8f5366069,http://www.nytimes.com/2009/02/03/health/policy/03peanut.html,Peanut Product Recall Took Company Approval,1
69af3584efb414ed292b73d28f6dde6d,http://www.legis.state.ak.us/basis/get_bill.asp?session=25&bill=SB4002,Action for 25th Legislature,1
01a5fc123e169d03ac212a350fde67f6,https://web.archive.org/web/20070825014950/http://www.mcclatchydc.com:80/iraq/story/18861.html,Iraq pullout could create chaos,1
0ee4a9a4ee58a20352245a5a2764e1fc,https://web.archive.org/web/20110416110045/http://projects.washingtonpost.com:80/obama-speeches/speech/622,In Obama's Words,1
af9fabe81e12cc43289d98c1e9aea8e0,http://www.nytimes.com/2009/02/17/education/17educ.html?hp,"For Education Secretary, Stimulus Means Dollars and Risk",1
605f84c96291b92f59fe94205b4780d4,http://www.radaronline.com/exclusives/2010/06/video-jersey-shore-cast-weathers-storm-sophomore-season-preview,VIDEO: Special Preview Of Jersey Shore In Miami!,1
09a808d6e04f12c3f55753892a064085,http://www.youtube.com/watch?v=Cqww8jmizug&eurl=http%3A%2F%2Fstoptheabortionagenda.com%2F&feature=player_embedded,Obama Promises Abortion in Public Plan,1
d24434dc1db8b987926817950ac616c6,https://web.archive.org/web/20050507232712/http://www.ssa.gov:80/OACT/babynames/namesbystate.html,Popular baby names,1
082f729bd3fbe3d433c2011595a8e7f4,https://web.archive.org/web/20070829110221/http://hitwise.com/political-data-center/key-candidates.php,Top Presidential Candidate 2008 Websites,1
13eda4019bd78f1d73c5c65687defb54,http://www.cq.com/doc/newsmakertranscripts-4917877?3,speech in Cincinnati,1
a11d6b0d5ef7f247f39b074ea786a888,https://twitter.com/louiseslaughter/status/439092883166359552,Louise Slaughter on Twitter,1
a09932387387e0360acfa42efa95c043,http://www.guttmacher.org/statecenter/updates/2013/statetrends42013.html,Laws Affecting Reproductive Health and Rights: 2013 State Policy Review,1
333d2054da46289d09307a5f20146667,http://www.foxnews.com/on-air/fox-news-sunday-chris-wallace/2014/04/06/sen-kaine-rep-mccaul-security-stateside-military-bases-gen-hayden-reacts-morells-benghazi,Fox News Sunday,1
79f37d14f43ed7d12e3686af5085054e,http://www.eia.gov/cfapps/ipdbproject/IEDIndex3.cfm?tid=50&pid=53&aid=1,International Energy Statistics,1
2d8f2821cfc058302a9fcdabb06d24a3,http://www.nytimes.com/2016/07/21/us/politics/donald-trump-issues.html?_r=1,Donald Trump Sets Conditions for Defending NATO Allies Against Attack,1
b473f22785613c017807fb53353480a1,http://www.mtv.com/news/articles/1583539/20080317/id_0.jhtml,"Bill Clinton Says He 'Never Said A Bad Word About Senator Obama,' At mtvU's First 'Editorial Board'",1
81ed2277f11d5417d8b7cac288a8baf5,http://www.politico.com/news/stories/0509/22413.html,Trump on Prejean: Same as Obama,1
58e025b3ad640ceb2104c0eab3989892,http://time.com/4523755/donald-trump-leaked-tape-impact/,"Donald Trump, Billy Bush: Interview Scrambles Race",1
3832c08c9586545b887012dbe09273fd,http://www.economist.com/Trumptranscript,Transcript: Interview with Donald Trump,1
09c958859a3a90a78e533a82fa967eff,http://us3.campaign-archive1.com/?u=468d5dc43334640650b81443f&id=711f7c7ca0&e=6d7cef570b,Rep. Michael McCaul (R-TX) Appears on Face the Nation,1
eff597f45cc5b15435a70f3ed3cbc448,http://energycommerce.house.gov/index.php?option=com_content&view=article&id=1680:cbo-waxman-markey-costs-about-a-postage-stamp-a-day-saves-low-income-families-money&catid=122:media-advisories&Itemid=55,Energy and Commerce Committee,1
c016e0a3c7b59b54f3b9ca0a8582a0a9,https://web.archive.org/web/20090503050002/http://www.google.com/url?sa=t,Redirect Notice,1
3d81c334d962ba44a88bfb41389a7361,https://twitter.com/RepMaloney/status/842422482518867969,"Carolyn B. Maloney on Twitter: ""Women's health & wellbeing don’t seem to count in the math of the GOP's merciless #PayMoreForLess healthcare bill. We must not defund @PPFA!… https:",1
bb7a265f799dfc51c78eaba5c74aba3f,"http://foreign.senate.gov/imo/media/doc/Haass,%20Richard%20N.pdf",Fiscal Year 2011 Email interview with Todd Harrison of the Center for Strategic and Budgetary Assessments,1
b7e7232468df62563edfb908fbefe1a4,https://web.archive.org/web/20121222121141/http://www.pbs.org/newshour/bb/politics/july-dec12/shieldsgerson_12-21.html,"Shields and Gerson on Cabinet Noms, Gun Laws, Boehner's Leadership | PBS NewsHour | Dec. 21, 2012",1
212b2174ca2df208edf72dddebe537f6,http://www.senate.gov/legislative/LIS/roll_call_lists/roll_call_vote_cfm.cfm?congress=103&session=1&vote=00011,U.S. Senate: U.S. Senate Roll Call Votes 103rd Congress,1
c2bed777a843c1287ded564a1525ec45,https://web.archive.org/web/20080817004723/http://www.cqpolitics.com:80/cq-assets/cqmultimedia/flash/votestudy/index.html,CQ Vote Studies,1
e020972283fbd8c1a668634dc3ca52eb,http://www.youtube.com/watch?v=VkRw4EOwY2g&list=PLmqnjF1D2hhaZ0r5hw-0beF9R7oaB9lOt&index=51,CPAC 2013 - Former Governor Sarah Palin (R-AK),1
06b61a8a4c1dafc9c7f84f68f23bd8a1,https://www.youtube.com/watch?v=DZeKdfxI_RA,"""One Hundred Percent"" by Club for Growth Action",1
59c80c272b730708232fada46ac8f37e,http://frwebgate.access.gpo.gov/cgi-bin/getdoc.cgi?dbname=111_cong_bills&docid=f:h3200ih.txt.pdf,Browse Congressional Bills,1
1a5008e2a68ec0b1dc214bb8244300f1,https://www.whitehouse.gov/the-press-office/2017/01/27/executive-order-protecting-nation-foreign-terrorist-entry-united-states,Executive Order Protecting the Nation from Foreign Terrorist Entry into the United States,1
5937d7ade124477ac4c5bfe34f698249,https://twitter.com/DWStweets/status/309001535386435584,Debbie Wasserman Schultz on Twitter,1
c3ad401fc9acd9fa283e615f0712f0b6,http://www.c-span.org/video/?322914-1/senator-charles-schumer-dny-november-midterm-elections,"Senator Charles Schumer NY November Midterm Elections, Nov 25 2014",1
863b1a4fd56d45bb88630e014e9443c6,http://www.kff.org/medicaid/upload/7642.pdf,CHIP Enrollment: June 2011 Data Snapshot,1
190d0cd9419a905ca66e241b4766e95b,http://www.whitehouse.gov/the-press-office/2013/07/24/remarks-president-economy-knox-college-galesburg-il,"Remarks by the President on the Economy -- Knox College, Galesburg, IL",1
b5d7aef2a52440a7902f612ce87e26df,http://www.youtube.com/watch?v=8k3Or06g9YA,Memorial Day,1
266ab6988ad589ee62a6b28fcb8625b5,http://abcnews.go.com/ThisWeek/week-transcript-target-libya/story?id=13178623&page=3,'This Week' Transcript: Target Libya,1
f1e44d1bc5c07afeacf5eb69a7384f43,http://www.nytimes.com/2008/09/21/business/21cong.html?pagewanted=1&ref=business,Administration Is Seeking $700 Billion for Wall Street,1
55f24d5b4b1ba2563a3c6784a9b10ac6,http://www.citizenlink.org/focusaction/updates/A000006979.cfm,Family Policy Alliance,1
1f3e9007799a4041400634e6f1ac4fe6,https://web.archive.org/web/20071206011805/http://www.hillaryclinton.com/news/release/view/?id=4479,HillaryClinton.com,1
fd2bf9fd06a8aa7952a89bb734d59770,http://www.pbs.org/wnet/need-to-know/economy/this-labor-day-we-need-protests/11228/,"This Labor Day, we need protests",1
031d32aa51e3bbfa2cde7654f1fe40e9,https://medium.com/hillary-for-america/breaking-down-barriers-for-african-americans-d444f1c568b6#.8wtydemwc,Breaking down barriers for African Americans – Hillary for America – Medium,1
1e9c2e57661abfa046bcbac1744eb559,http://www.documentcloud.org/documents/1033869-waronpoverty50.html#document/p2,WarOnPoverty50,1
98dbf42787b2558866cbaa60be8ad562,http://abcnews.go.com/ThisWeek/video/supreme-court-vacancy-10344589,Supreme Court Vacancy Video,1
c44de88311ccbfece6ab0cd26c35c179,https://web.archive.org/web/20100821215324/http://republicans.foreignaffairs.house.gov:80/press_display.asp?id=1583,U.S. House Committee on Foreign Affairs,1
50316efb039659c79f63209bc4c15915,http://www.msnbc.msn.com/id/7003226/,"Outlook, Office, Skype, Bing, Breaking News, and Latest Videos",1
9c4e9699b88793ffac87b9554c7ad5f8,http://www.whitehouse.gov/the-press-office/2012/03/29/remarks-president-oil-and-gas-subsidies,Remarks by the President on Oil and Gas Subsidies,1
a9ad054b30ebc503ac29786773aaaf14,http://thehill.com/leading-the-news/have-you-been-to-iraq--76-sens.-say-they-have-2007-08-01.html,Have You Been to Iraq — 76 Sens Say They Have by Patrick Fitzgerald,1
9a3fc059b8d374f8bf972e768013ae52,https://web.archive.org/web/20090514023215/http://republicanleader.house.gov/News/DocumentSingle.aspx?DocumentID=125333,House GOP Introduces Keep Terrorists Out of America Act,1
e9bb84cb4bdb2cedee8d9d20a49cefad,http://www.cbsnews.com/news/isis-ramadi-iraq-air-campaign-us-ground-troops/,Should ISIS' gains lead to more U.S. troops in Iraq?,1
21967ba44183d3397e79d397f92ec916,http://www.cdc.gov/nchs/data/hestat/prelimbirths05_tables.pdf#1,Resource Not Available,1
8c8f8d43d0689af6c253974ec5b2fad5,"https://web.archive.org/web/20050615041207/http://www.irs.gov:80/taxstats/indtaxstats/article/0,,id=134951,00.html",Individual Income Tax Returns Publication 1304 (Complete Report),1
ba31169a811012b8a3e3cc1ffd65e43e,http://transcripts.cnn.com/TRANSCRIPTS/1309/10/cfr.01.html,Transcripts,1
be71293ad47d90fa4a9752da8858587a,https://web.archive.org/web/20130209000637/http://www.whitehouse.gov/state-of-the-union-2013,State of the Union 2013,1
8f79e268b8b9cc8596069512d1aaa516,http://www.whitehouse.gov/the-press-office/2013/04/17/statement-president,Statement by the President,1
2b74baed93da2dedccfecfb3c52377ce,http://www.cq.com/display.do?dockey=/cqonline/prod/data/docs/html/transcripts/newsmaker/111/newsmakertranscripts111-000003697234.html@committees&metapub=CQ-TRANSCRIPTS&searchIndex=0&seqNum=9,Ron Paul Praises Embattled RNC Chief Michael Steele For Leadership On Afghanistan,1
57cf79478f74334fefd4484bc9fe8575,http://www.msnbc.msn.com/id/26535811/,"Outlook, Office, Skype, Bing, Breaking News, and Latest Videos",1
7d78f35855e9b5378e6ee0b80daa0085,https://web.archive.org/web/20080911193042/http://www.adn.com:80/sarah-palin/background/story/203814.html,Palin tries new tactic to unload hated jet: Gov. Sarah Palin background,1
9181fe1afeb9ecadf7fb3852aaf191ab,https://web.archive.org/web/20100513074658/http://video.foxnews.com:80/v/4186199/barasso-ready-to-question-kagan,Barasso Ready to Question Kagan,1
9264b664ec6475c4a3593fdb65035f30,http://america.aljazeera.com/articles/2013/10/2/israel-netanyahurouhaniiranpresident.html,Israel should welcome Rouhani's election victory,1
73fa4403129e31ce7ad0a7aec88c68b1,http://politicaladarchive.org/ad/polad_donaldtrump_k1mkc/,Political TV Ad Archive » PolAd,1
8095bd3b94e322485a4367784ee7be3c,http://www.youtube.com/watch?v=BBVeT0aufng&context=C4d55937ADvjVQa1PpcFMxQysk6hF4-DEKJdMpvDjhcVSKWE1o24Y=,Keeping His Word: Lowering the Cost of Medicare Prescriptions,1
3d10eb82c9373d840736f6ac8958fe96,http://rare.us/story/rand-paul-will-donald-trump-betray-voters-by-hiring-john-bolton/,Rand Paul: Will Donald Trump betray voters by hiring John Bolton?,1
28c51efc622c2569276396159676cb3a,"https://web.archive.org/web/20081006202026/http://abcnews.go.com:80/Politics/Decision2008/story?id=3498294,",ABC News: ABC News,1
bdc36763606bddff1b08f8f944557506,http://www.pollingreport.com/C2.htm#Hillary,Political Figures: C (2),1
9efe39362993dc46759b0beef8043a48,http://www.tampabay.com/opinion/columns/rep-ross-we-need-to-get-government-running-again/2145912,Rep. Ross: We need to get government running again,1
569d47210368004619cc63490d490e17,"https://web.archive.org/web/20061206054712/http://www.irs.gov:80/formspubs/article/0,,id=164272,00.html",2007 Federal Tax Rate Schedules,1
0ac71c2f18831b519adda241a18628d7,http://www.youtube.com/watch?v=mGur36uVWxA,Web Ad A Tale of Two Mitts,1
b2e403721fd2a3cdbb686f116e0a84c7,http://thecaucus.blogs.nytimes.com/2008/08/15/mccain-in-colorado/,McCain in Colorado,1
c077235cfbc0a79bc77ec9ded9bb27ef,http://www.nbcnews.com/news/world/vladimir-putins-approval-rating-hits-all-time-high-boosted-syria-n449071,"Vladimir Putin's Approval Rating Hits All-Time High, Boosted by Syria Airstrikes",1
1c908be5f0afca8e83860c08495eb7ce,http://www.guardian.co.uk/world/2009/jul/12/california-issues-iou,"Penniless California issues IOUs to firms, clinics, taxpayers and students",1
8b7acf1e9002e9b64a8576d7646bdab0,https://web.archive.org/web/20100105223912/http://republicanleader.house.gov/blog/?m=201001,"As Americans Save Money, their Government Spends with Reckless Abandon",1
252bc85a40e31863506da8a5654f6271,http://time.com/3111474/rand-paul-ferguson-police/,Rand Paul: We Must Demilitarize the Police,1
e818c9459f14c75386c946c3a4b5693a,http://www.whitehouse.gov/the-press-office/2012/04/03/remarks-president-associated-press-luncheon,Remarks by the President at the Associated Press Luncheon,1
bf398f4b352ad122eb83609525475457,https://www.ecfr.gov/cgi-bin/text-idx?gp=&SID=b5df8668c5d53fb99d5c5fd1e20c0ab0&mc=true&tpl=/ecfrbrowse/Title05/5tab_02.tpl,eCFR — Code of Federal Regulations,1
27df5e086494e723b2d60c7f52a4f0b7,http://transcriptswire.cq.com/do/transcriptView?id=8293,CQ Transcriptswire > Login,1
f59968a8770de77bd07996faa1b86a85,http://www.politifact.com/virginia/statements/2011/mar/11/morgan-griffith/morgan-griffith-says-epa-treats-milk-spills-same-w/,Morgan Griffith says EPA treats milk spills same way as oil spills,1
c2bed777a843c1287ded564a1525ec45,https://web.archive.org/web/20080817004723/http://www.cqpolitics.com:80/cq-assets/cqmultimedia/flash/votestudy/index.html,CQ Vote Studies,1
ec5d790b2cbae6385586d8ac386539fd,http://www.bea.gov/scb/pdf/2008/01%20January/0108_gdpecon.pdf,GDP and the Economy Final Estimates for the Third Quarter of 2007,1
85665dc6c742af48f01488ac30da8c7a,http://www.cnn.com/2012/10/03/politics/debate-transcript/index.html,Transcript of Wednesday's presidential debate,1
485ffbedd82b0806d510cf141161fda8,http://www.gpo.gov/fdsys/pkg/CREC-2006-03-16/pdf/CREC-2006-03-16-pt1-PgS2236.pdf,Obama Exclusive Concedes Senate Voteainst Raising Debt Limit Was Political,1
f804f13de74756a157d773b2134b05bb,http://www.state.gov/r/pa/ei/bgn/5375.htm#econ,The page you're looking for may have been moved or renamed,1
d68e2fdcbc44c31d471f88bab8357e7d,https://www.washingtonpost.com/news/post-politics/wp/2016/06/13/hillary-clintons-speech-following-the-orlando-shooting/,‘Americans need to stand together’: Hillary Clinton’s remarks following the Orlando shooting,1
9e0c9e717483d47ff292d09bc2cb6c41,http://www.youtube.com/watch?v=XzZNP4tTfV0,Sen. Barack Obama's answer to meeting energy demands,1
8f79e268b8b9cc8596069512d1aaa516,http://www.whitehouse.gov/the-press-office/2013/04/17/statement-president,Statement by the President,1
dca8b08739783a96d91153099f5d160d,http://abcnews.go.com/ThisWeek/week-transcript-hoyer-boehner-bill-gates/story?id=10900231,"'This Week' Transcript: Hoyer, Boehner and Bill Gates",1
fa254e05af29bf5d3c2f0110c8fbfc0a,https://web.archive.org/web/20090628092209/http://www.azdps.gov:80/About/Reports/Crime_In_Arizona/,Arizona Department of Public Safety,1
76601781d2678f137c44bf23d32e72bb,"http://www.foxnews.com/story/0,2933,584664,00.html",Sen. Gregg: President Obama's Budget Proposal Is a 'Disaster',1
cc4bfd9f1cf88898bd892d50b5e31091,https://web.archive.org/web/20051210114606/http://www.allianceforschoolchoice.org:80/school_choice_history.aspx,School Choice FAQ,1
8f245fca63cf631f3798ce37137ef991,http://www.opensecrets.org/,"Data on Campaign Finance, Super PACs, Industries, and Lobbying",1
b855cd0e7db1ebc94ef08061cd423cfc,http://www.govtrack.us/congress/bill.xpd?bill=h109-5441,"Department of Homeland Security Appropriations Act, 2007 (2006; 109th Congress H.R. 5441)",1
ebe5c5ae16d04045f0697b19e0184f76,http://www.politifact.com/georgia/statements/2011/may/24/herman-cain/cain-said-food-stamp-program-use-under-obama/,Cain said food stamp program use up under Obama,1
1f8fdaea2931ef4674969f98ab9bdebc,http://www.cbo.gov/ftpdocs/45xx/doc4517/09-03-TankerTestimony.pdf,Testimony on CBO’s Assessment of the Air Force’s Plan to Acquire 100 Boeing Tanker Aircraft,1
c93c89b84bfe3e253a31db358cdfbc06,http://www.foxnews.com/fns/,Fox News Sunday,1
80fcc9148c36ec8df5b509e4dd2ca979,http://www.msnbc.msn.com/id/40871803/ns/meet_the_press-transcripts,"Outlook, Office, Skype, Bing, Breaking News, and Latest Videos",1
9eed4ba0a022ae356ae094610d74381d,http://www.ilga.gov/legislation/BillStatus.asp?GA=93&DocTypeID=SB&DocNum=130&GAID=3&SessionID=3&LegID=784,Illinois General Assembly,1
92ec6a640540f87828c6f2879e0ce950,https://www.census.gov/content/dam/Census/library/publications/2016/demo/p60-257.pdf,Health Insurance Coverage in the United States 2015,1
8783b08fd37281934322cb84a4659bb4,http://data.bls.gov/cgi-bin/surveymost?ln,Top Picks (Most Requested Statistics) : U.S. Bureau of Labor Statistics,1
c488376ec5147d0dbe5fecf9e114b607,https://web.archive.org/web/20080828144739/http://www.demconvention.com/joe-biden/,Democratic National Convention,1
e76fa065469a1093b942ca660cbd2bb6,http://www.politico.com/news/stories/0309/20344.html,60 Minutes Transcript,1
5dc111d9c927849d5bd9f77bdfd50fb0,http://data.bls.gov/timeseries/CES4244100001?data_tool=XGtable,Bureau of Labor Statistics Data,1
7607a9addef68a95e3d9a2d499f7628e,http://www.nytimes.com/2011/08/15/opinion/the-texas-unmiracle.html,The Texas Unmiracle,1
93e28f80162713043e5a33bfde735dc5,http://www.youtube.com/user/dscclive#p/f/7/1kfaEJYg8uA,Indictment US v Vince McMahon and Titan Sports New Haven Register,1
8bdd2a650a1b88bc5482bfe6f399e634,http://youtube.com/watch?v=u0ffLMVc7mU,Barack Obama Challenges John McCain To Duel Over Taxes,1
6754ac2478051b10110193ba8eea5cbd,http://www.washingtonpost.com/news/wonkblog/wp/2014/08/06/a-comprehensive-investigation-of-voter-impersonation-finds-31-credible-incidents-out-of-one-billion-ballots-cast/,A comprehensive investigation of voter impersonation finds 31 credible incidents out of one billion ballots cast,1
1ebd02d4899f52a112e4f8227b7e3465,https://web.archive.org/web/20050322064340/http://www6.lexisnexis.com:80/publisher/EndUser?Action=UserDisplayFullDocument,LexisNexis(R) Publisher,1
a90d9e67eeb4f8d1511eb69e05208004,http://blogs.desmoinesregister.com/dmr/index.php/2009/12/18/grassley-camps-in-office-friday-night-to-make-720-a-m-vote/,The Des Moines Register,1
e0a265ec877b4bd8ac554b2428b7221d,http://www.nytimes.com/2011/12/09/opinion/brooks-the-gingrich-tragedy.html?hp,The Gingrich Tragedy,1
154b256136e94adf6aad89ffdd55c622,http://www.youtube.com/watch?v=ljVB-tim2Rw,Obama Criticizes McCain on Lobbyists,1
1f25fac6a0f9a3e2ca97dc76de8a810c,http://graphics.nra.org/ila/ILA_209_ObamaScorecardPDF.pdf,Cravaack Passes Amendment to Improve US Aviation Security in Opposition to Obamas Planned Disarming of Federal Flight Deck Officers,1
46a3c68c77be218b2202022253d0942e,http://www.politifact.com/truth-o-meter/statements/2011/mar/15/barack-obama/barack-obama-says-us-oil-production-last-year-was-/,Barack Obama says U.S. oil production last year was highest since 2003,1
8ae740155160c4299b639cd6a0cc11d4,https://web.archive.org/web/20090612062614/http://www.ustreas.gov:80/press/releases/tg162.htm,TG-162: Treasury Announces $68 Billion in Expected CPP Repayments,1
fb9b8d2c07f9ea4cbb7762bf63aedea7,https://web.archive.org/web/20071020185442/http://www.taxpolicycenter.org/numbers/displayatab.cfm?DocID=1390,"Current-Law Distribution of Federal Taxes By Cash Income Percentiles, 2007",1
bcf2b0e0857a38ca741cb94101adea72,http://www.cnn.com/2007/POLITICS/07/23/debate.transcript/,Part I: CNN/YouTube Democratic presidential debate transcript,1
9a317e18176b8701c1d41274407b1b27,https://web.archive.org/web/20001109011000/http://www.nrdc.org:80/nuclear/nudb/datab15.asp,"Table of Known Nuclear Tests Worldwide, 1945-1996",1
ef6e3d1112afb7e319e45b57dd8a9dab,https://web.archive.org/web/20100201043706/http://www.whitehouse.gov:80/the-press-office/remarks-president-gop-house-issues-conference,Remarks by the President at GOP House Issues Conference,1
7afa1bb1aa9a56eb4269418c1c3e7c71,https://web.archive.org/web/20060930180024/http://clinton.senate.gov/news/statements/details.cfm?id=233783,"Hillary Rodham Clinton, Senator for New York: Floor Speech of Senator Hillary Rodham Clinton on S.J. Res. 45, A Resolution to Authorize the Use of United States Armed Forces Against Iraq",1
985a65a463efe53040e65a06beb1080c,http://youtube.com/watch?v=pesbcAei6p8,TPMtv Extra: South Carolina Ronald Reagan Debate,1
b8395d04bb477768e09a1ed610740ddd,http://www.doe.mass.edu/mcas/naep/results/default.html,Massachusetts Department of Elementary and Secondary Education,1
47244bac31e2e35a6325fa7c09a1e4ec,https://medium.com/@PRyan/expanding-opportunity-kempforum16-11fe61f733d2#.y593ohi7t,Expanding Opportunity — #KempForum16 – Paul Ryan – Medium,1
f785b358299e9d73b989d26c32d456bd,http://www.ams.usda.gov/AMSv1.0/COOL,Country of Origin Labeling (COOL),1
0d45abfa5801ba910048652d6ab7ad36,http://www.msnbc.msn.com/id/41781178/ns/meet_the_press-transcripts,"Outlook, Office, Skype, Bing, Breaking News, and Latest Videos",1
99f9a294e56889847acbccc1bc08a403,http://www.youtube.com/watch?v=Yj3QAzSWVA4,Mike Huckabee: Fried Squirrel Out of a Popcorn Popper,1
85665dc6c742af48f01488ac30da8c7a,http://www.cnn.com/2012/10/03/politics/debate-transcript/index.html,Transcript of Wednesday's presidential debate,1
dd1207088e9cb629ccac6562395a005d,http://www.foxnews.com/transcript/2015/07/12/mcconnell-webb-jindal-express-uncertainty-over-iran-nuclear-deal/,"McConnell, Webb, Jindal express uncertainty over Iran nuclear deal",1
42224c9c06d1e6f7c9cb54724c5d93a4,http://www.whitehouse.gov/the-press-office/2011/05/10/remarks-president-comprehensive-immigration-reform-el-paso-texas,"Remarks by the President on Comprehensive Immigration Reform in El Paso, Texas",1
e9ed6092ccb539bf21b9eb440e973eb9,https://web.archive.org/web/20080206222702/http://www.mittromney.com/News/Press-Releases/Kerry_McCain,Kerry-McCain: Welcome To Massachusetts!,1
6ac7feb8c792480ef8cff70efd1a6066,https://web.archive.org/web/20070613045339/http://obama.senate.gov/press/070322-obama_urges_ber/,"Obama Urges Bernanke, Paulson to Fight Foreclosures, Hold Homeownership Summit",1
d3149305814f02174f6b54c10ef708eb,http://www.msnbc.com/rachel-maddow/watch/schneiderman-suing-trump-over-daca-cites-discriminatory-animus-1040994371897,Schneiderman suing Trump over DACA cites 'discriminatory animus',1
33a0f212b442fe1902ea5c2fac9e8b79,"http://www.time.com/time/magazine/article/0,9171,1129494,00.html",Americas 5 Best Governors,1
77305459aa4ebb288d02afbc8ef40ef8,http://data.unhcr.org/syrianrefugees/syria.php,Situation Syria Regional Refugee Response,1
0c3281bc5db3273a7ef77b23979eea9d,http://cq.com/doc/newsmakertranscripts-3933400,Transcript of Republican Presidential debate at the Ronald Reagan Library in Simi Valley,1
cd95be09788cb904650023c412a1ccdc,http://www.foxnews.com/transcript/2017/05/28/sec-john-kelly-on-manchester-investigation-keeping-america-safe.html,"Sec. John Kelly on Manchester investigation, keeping America safe",1
ea43a1bb1eeeaefd6fbba15640ab3eb9,https://web.archive.org/web/20080514182038/http://johnmccain.com/climatechange/,John McCain for President,1
75efda9ee3bce24023d9e2a98ff993b6,http://www.huffingtonpost.com/michael-bloomberg/terror-suspects-are-buyin_b_564069.html,Terror Suspects Are Buying Guns - and the FBI Can't Stop Them,1
0ade2eb156139c320945ed31b8dcd2f8,http://my.barackobama.com/page/community/post/amandascott/gG5XWF,Organizing for Action,1
630dca3a84ce005b7a1901abe9a97341,http://politifact.com/truth-o-meter/statements/2009/nov/11/sean-hannity/hannity-says-obama-wont-even-use-term-war-terroris/,"Hannity says Obama won't even use the term ""war on terrorism""",1
ad5d9d5a9046350e31917a0829c06c64,http://www.youtube.com/watch?v=THrGMfM3Nqs,transcript accessed via Nexis Mitt Romney Sends Taped Message to 2011 NRA Convention,1
d42b20babd935d4351eacbb30335d7d0,"http://www.foxnews.com/story/0,2933,529026,00.html",An Open Letter to 'All Barack Channel',1
5a0459ffed83fecf75683f69627e6c4b,http://www.youtube.com/watch?v=Ud3mMj0AZZk,"Obama for America TV Ad: ""Firms""",1
220e193884bb6236434fbad5edfcc9fb,http://clerk.house.gov/evs/2009/roll884.xml,roll call on Stupak amendment,1
845583eaa49a04094ec1e076a3c01d4a,http://www.pewforum.org/2008/09/19/pastors-to-protest-irs-rules-on-political-advocacy/,Pastors To Protest IRS Rules on Political Advocacy,1
115cf59ed801e7e4f1c5c9380165c87f,http://wfpl.org/post/mitch-mcconnell-alison-lundergan-grimes-have-sharp-differences-campaign-finance-rules,"Mitch McConnell, Alison Lundergan Grimes Have 'Sharp Differences' on Campaign Finance Rules",1
888b600bddbbc6410de0c0a0c20581d7,https://web.archive.org/web/20090113114854/http://thepage.time.com:80/obamas-full-remarks-at-chicago-credit-cards-event/,by Mark Halperin,1
7e2c51f3884a92614f2ba6c6041ddc41,http://www.politifact.com/truth-o-meter/statements/2012/aug/15/stephanie-cutter/ryans-plan-includes-700-billion-medicare-cuts-says/,"Ryan's plan includes $700 billion in Medicare ""cuts,"" says Stephanie Cutter",1
0c589855e8f5b1286f2bfa91e2c1e8fa,http://www.senate.gov/legislative/LIS/roll_call_lists/roll_call_vote_cfm.cfm?congress=110&session=1&vote=00126,U.S. Senate: U.S. Senate Roll Call Votes 110th Congress,1
7573b04d54a058af059e1743edf21f8e,http://twitter.com/JimDeMint/status/10288400197,Jim DeMint on Twitter,1
0c07fa2418ba60664782d8a662b03c4e,http://www.fedupthebook.com/,"Fed Up! Our Fight to Save America from Washington, by Rick Perry",1
1d4d5072ed933e99104a17e42d170109,http://www.nytimes.com/2009/09/10/us/politics/10obama.text.html,Obama’s Health Care Speech to Congress,1
89c80b8b568f66446e74b23476bdabe1,https://web.archive.org/web/20071020151813/http://capitaleye.org:80/inside.asp?ID=311,Summing Summertime: Part 4,1
7d44bf32a0471732cd1b9079c2567aa8,http://politifact.com/punditfact/statements/2016/jan/05/laura-ingraham/laura-ingraham-say-claim-90-support-gun-background/,Laura Ingraham wrongly says claim that 90% support for gun background checks has been debunked,1
b473f22785613c017807fb53353480a1,http://www.mtv.com/news/articles/1583539/20080317/id_0.jhtml,"Bill Clinton Says He 'Never Said A Bad Word About Senator Obama,' At mtvU's First 'Editorial Board'",1
585503490dd539a83f947e9705705cc1,http://docquery.fec.gov/pdf/613/201804159108155613/201804159108155613.pdf#navpanes=0,Federal Election Commission filing,1
6dd489d8205bda4d106a5afa5a2f29dd,http://latimesblogs.latimes.com/washington/2010/10/christine-odonnell-chris-coons-debate.html,Transcript of debate between Chris Coons and Christine ODonnell,1
55515212a0dd995e4bbac9dced38ef39,http://transcripts.cnn.com/TRANSCRIPTS/1003/21/sotu.01.html,Transcripts,1
2537b19985faee67d199198e80ace06a,http://www.politifact.com/ohio/statements/2012/aug/23/barack-obama/barack-obama-says-mitt-romney-condemned-coal-fired/,Barack Obama says Mitt Romney condemned coal-fired power plants as killers,1
3ca42225dda5e55b6347a55aa6b01c0a,https://web.archive.org/web/20121023081044/http://www.washingtonpost.com/blogs/ezra-klein/wp/2012/10/22/the-full-transcript-of-the-third-presidential-debate/,The full transcript of the third presidential debate,1
98984786c7dcdd997986da1cf186081a,http://www.fsis.usda.gov/OPPDE/larc/Policies/Labeling_Policy_Book_082005.pdf,Food Standards and Labeling Policy Book,1
22f8a3a31ffa59faf02bf9c57169ffce,http://abcnews.go.com/ThisWeek/week-transcript-geithner/story?id=11245464,'This Week' Transcript: Geithner,1
985ea03ac8e5aaf88ff420c35ce14618,http://www.cnn.com/TRANSCRIPTS/1611/13/sotu.01.html,Transcripts,1
80172b975fffd0cbc9a29cd7c6948e6f,http://www.youtube.com/watch?v=A7jJI1cfEgc&feature=player_embedded,"Nancy Pelosi, Wicked Witch of the West",1
e2c23d41639143594425d82daa8ec92a,http://cq.com/doc/newsmakertranscripts-3980293,or Degrading Treatment of Punishment Text of International Covenant on Civil and Political Rights Text of Geneva Convention relative to the Treatment of Prisoners of War Text of Geneva Convention relative to the Protection of Civilian Persons in Time of War Text of Universal Declaration of Human Rights Jay Bybee assistant attorney general,1
09ed0bdd47bc4c8ed62d0de3450f3e70,http://www.politifact.com/truth-o-meter/statements/2011/aug/18/warren-buffett/warren-buffett-says-super-rich-pay-lower-taxes-oth/,Warren Buffett says the super-rich pay lower tax rates than others,1
5b724ff1d85ada64e7e0db4d5227836c,http://www.senate.gov/legislative/LIS/roll_call_lists/roll_call_vote_cfm.cfm?congress=108&session=1&vote=00196,U.S. Senate: U.S. Senate Roll Call Votes 108th Congress,1
53022d1e83cf010c1bff87cdef77cd28,https://youtu.be/uRqSUv_B7KI,Jeb Bush 2016 Same Resume Right to Rise USA PAC,1
111c24412100937b0fb372380f23a28f,https://web.archive.org/web/20101103082821/http://gopleader.gov/News/DocumentSingle.aspx?DocumentID=213442,"In Weekly Republican Address, Boehner Calls For “New Way Forward” Focused on Creating Jobs, Cutting Spending, & Reforming Congress",1
30841dce3e671b9f1d45741000e50a75,http://www.senate.gov/legislative/LIS/roll_call_lists/roll_call_vote_cfm.cfm?congress=111&session=1&vote=00174,U.S. Senate: U.S. Senate Roll Call Votes 111th Congress,1
5f6c9e568a92ead8eb85a345bac4a807,http://www.youtube.com/user/harryreid2010#p/u/14/PlrQ1MiLkk4,Harry Reid,1
d49bd47000782850f5ce824cd0fa3bbd,http://www.nytimes.com/2008/02/26/us/politics/26text-debate.html?_r=1&adxnnl=1&oref=slogin&pagewanted=all&adxnnlx=1204139772-dnxW+xyD4n9RmqZLgdQ3Ig,The Democratic Debate in Cleveland,1
c43d3f4398f1c7fa449fbf231120fc01,"https://web.archive.org/web/20080126233643/http://www.chicagotribune.com:80/news/local/chi-070403obama-ballot,0,1843097.story?page=1",Obama knows his way around a ballot -- chicagotribune.com,1
da217ddd063ad7d3472f24ed1d26fb1f,http://frwebgate.access.gpo.gov/cgi-bin/getpage.cgi?position=all&page=H270&dbname=2010_record,speech on the floor of the US House of Representatives,1
72389e0f113d31be51db0e63d491ba83,https://web.archive.org/web/20130314224614/http://www.washingtonpost.com/blogs/wonkblog/wp/2013/03/08/everything-you-need-to-know-about-the-drone-debate-in-one-faq/,"Everything you need to know about the drone debate, in one FAQ",1
8cdc6bee33a2db6d606327646cb51c1a,https://www.youtube.com/watch?v=jC8F3gd5_XY,WATCH LIVE: Tim Kaine and Corey Stewart meet for first U.S. Senate debate in Virginia,1
0ac71c2f18831b519adda241a18628d7,http://www.youtube.com/watch?v=mGur36uVWxA,Web Ad A Tale of Two Mitts,1
660a4d4e6089332acbe7ce3230bccb23,http://politics.blogs.foxnews.com/2011/02/11/romney-cpac-excerpts-its-all-about-jobs,Romney CPAC Speech: It's All About the Jobs,1
860a52d51598210eb19bb1c17c7a2352,http://www.cbo.gov/ftpdocs/107xx/doc10731/Reid_letter_11_18_09.pdf,Patient Protection and Affordable Care Act,1
e4a4121f64a21be60d51d920078680ae,https://web.archive.org/web/20081202093502/http://afp.google.com:80/article/ALeqM5i2cTbnZTDVHPcifBpEzmkfqOOtlg,AFP: McCain renews attacks on Obama links to radical,1
5e2d336570ec52eb2715f3733edd06c0,https://twitter.com/SarahPalinUSA/status/218353507491786752,Sarah Palin on Twitter,1
aef8c4f410704e318d37ff1163ca3365,http://query.nytimes.com/gst/fullpage.html?res=9F02E1DE1438F932A2575AC0A9679C8B63&sec=&spon=&pagewanted=1,"No Regrets for a Love Of Explosives; In a Memoir of Sorts, a War Protester Talks of Life With the Weathermen",1
18c5298423833c8ba71fab0b5daf3359,http://abcnews.go.com/ThisWeek/bill-clinton-rush-limbaugh-mistakes-supreme-court-middle/story?id=10406757,"Bill Clinton on Rush Limbaugh, His Mistakes, the Supreme Court and Middle East Peace",1
d954ec2f72d8e6005ee193edfc93fadc,http://www.youtube.com/watch?feature=player_embedded&v=07FSu0mHYSg,Rick Santorum sworn in as Pennsylvania’s newest senator,1
41b77528d31b33cdeb6044e6b366cefb,http://cbo.gov/publication/43471,"Letter to the Honorable John Boehner providing an estimate for H.R. 6079, the Repeal of Obamacare Act",1
0d67df98b74c6cd3559857c22301892a,http://www.npr.org/blogs/itsallpolitics/2015/04/13/399415802/transcript-nprs-full-interview-with-sen-marco-rubio,Transcript: NPR's Full Interview With Sen. Marco Rubio,1
9b4d4c7349b0bc3827b71392d9ed724c,http://www.youtube.com/watch?v=ZVXbiY33TdM&feature=player_embedded,Gore looking to turn idle fans into activists 3year ad campaign will feature enemies united on climate,1
2b75d6fd127bdab4f99cbe89c79bc61e,http://www.aft.org/pdfs/americaneducator/spring2003/TheEarlyCatastrophe.pdf,The early catastrophe,1
e0f2c8945234a416c44d76f58930a5df,http://www.press.org/news-multimedia/videos/npc-luncheon-eric-holder,NPC Luncheon with Eric Holder,1
9d4acf8a8377300b870257b833002d39,http://www.cbsnews.com/8301-3460_162-57500549/face-the-nation-transcripts-august-26-2012-rubio-priebus-barbour-blackburn/?pageNum=7&tag=contentMain;contentBody,"""Face the Nation"" transcripts, August 26, 2012: Rubio, Priebus, Barbour, Blackburn",1
283ea9ac95e2bb3dfe136c2154912fc9,http://legis.wisconsin.gov/2011/data/JR1SB-11.pdf,2011-2012 Wisconsin Legislature Documents,1
ffbed5d779b3c8b6b56d564efdb13dd8,https://web.archive.org/web/20120619023435/http://www.foxnews.com/on-air/fox-news-sunday/2012/06/17/david-plouffe-sen-joe-lieberman-and-gen-michael-hayden-talk-national-security-leaks?page=3,"David Plouffe, Sen. Joe Lieberman and Gen. Michael Hayden talk national security leaks",1
acaea2e0b8772f99d910b32e3d56f748,http://tonto.eia.doe.gov/dnav/pet/pet_move_wkly_dc_NUS-Z00_mbblpd_w.htm,U.S. Imports & Exports,1
eb9263f944dd1f20cf42c3c3b7b44c66,http://transcripts.cnn.com/TRANSCRIPTS/1207/08/sotu.01.html,Transcripts,1
5866baf1caf2df90ad133426744706fc,https://web.archive.org/web/20080619025707/http://www.tampabay.com:80/news/politics/elections/article628630.ece,"In reversal, McCain says lift ban on offshore drilling",1
c9c4c25fc0eac92868d12920fe7649f8,http://www.bls.gov/ces/,"Employment, Hours, and Earnings from the Current Employment Statistics survey (National) Home Page",1
76a02e64dfc2f1c030a90bc18e9ff8c7,http://abcnews.go.com/ThisWeek/week-transcript-odierno-chiarelli/story?id=11351927&page=4,'This Week' Transcript: Odierno and Chiarelli,1
bf928a16e0beb17865c9f5f935309e25,http://www.nytimes.com/2009/02/09/us/politics/09text-obama.html?_r=1,Obama’s Prime-Time Press Briefing,1
5a3cb3371c3a38fc16149da82477257c,https://web.archive.org/web/20090120134739/http://www.pbs.org:80/newshour/bb/social_issues/jan-june09/slaverydc_01-16.html,"Author Offers Insights on Slavery, the Capitol, and Obama's Inauguration",1
c3883501a6a739f9aebe67bb45dd5cdb,https://web.archive.org/web/20090910073834/http://www.whitehouse.gov/the_press_office/Remarks-by-the-President-at-AFL-CIO-Labor-Day-Picnic/,Remarks by the President at AFL CIO Labor Day Picnic,1
1b3a65d9c466950915083746762ff583,https://evanjenkins.house.gov/media-center/press-releases/rep-jenkins-opioid-crisis-funding-should-be-based-need,REP. JENKINS: OPIOID CRISIS FUNDING SHOULD BE BASED ON NEED,1
a44c347328efa66c8ff90fc392d831e7,https://web.archive.org/web/20090919163055/http://www.whitehouse.gov/the_press_office/Remarks-by-the-First-Lady-on-What-Health-Insurance-Reform-Means-for-Women-and-Families/,Remarks by the First Lady on What Health Insurance Reform Means for Women and Families,1
d71341aa5c54982cbad853bf8dd18c69,http://www.cbsnews.com/htdocs/pdf/FTN_111410.pdf?tag=cbsnewsTwoColUpperPromoArea,and Surpluses or Deficits as Percentages of GDP 1930–2015,1
3e2adbda7850874e1348cf3b8f20f021,https://web.archive.org/web/20081030004908/http://www.plannedparenthoodaction.org/campaigns/386.htm,Planned Parenthood® Action Center,1
f15daed8bc327f74d2a589531d68054c,http://transcripts.cnn.com/TRANSCRIPTS/0804/13/se.01.html,Transcripts,1
c62ffdd16aea95a02111845c37c40ecd,https://web.archive.org/web/20070808173432/http://www.barackobama.com/2007/08/01/remarks_of_senator_obama_the_w_1.php,Remarks of Senator Obama: The War We Need to Win,1
a335cb977933dfc20b2baf6282cea353,http://thomas.loc.gov/cgi-bin/query/D?c108:5:./temp/%7Ec108Feg4Je::,Library of Congress,1
5c47d7a5ec96fb4f62ac309fc6e57b0d,http://abcnews.go.com/ThisWeek/week-transcript-geithner/story?id=11245464&page=2,'This Week' Transcript: Geithner,1
5a0459ffed83fecf75683f69627e6c4b,http://www.youtube.com/watch?v=Ud3mMj0AZZk,"Obama for America TV Ad: ""Firms""",1
379b5106bfcb92b0f58def655c63bbf8,http://www.colbertnation.com/the-colbert-report-videos/270710/april-12-2010/justice-stevens-replacement---jeffrey-toobin,The Colbert Report,1
dbf4a36819bf8f0ee3d0640033ebab8d,http://www.nytimes.com/2011/08/15/opinion/stop-coddling-the-super-rich.html,Stop Coddling the Super-Rich,1
bfb5b5ee6992037889c3405e66ca3fe3,http://www.politifact.com/truth-o-meter/statements/2015/jul/10/generation-forward-pac/did-bernie-sanders-vote-against-background-checks-/,Did Bernie Sanders vote against background checks and waiting periods for gun purchases?,1
a44abf5b635e8f372beaf50424372f6b,http://www.taxpolicycenter.org/publications/families-facing-tax-increases-under-trumps-tax-plan-0,Families Facing Tax Increases Under Trump's Tax Plan,1
e3a267548943c49f9c2d66f0668695c5,http://frwebgate.access.gpo.gov/cgi-bin/getpage.cgi?position=all&page=S12022&dbname=2009_record,Senate begins health care debate amid calls for tort reforms,1
2b0e026d5680a0c03c47dbfc9f8121d0,https://web.archive.org/web/20150816005009/http://www.hillaryclinton.com:80/briefing/factsheets/2015/07/13/email-facts/,Updated: The Facts About Hillary Clinton’s Emails,1
b9a96c09cdf5f89b7315f38bc4a401f6,http://abcnews.go.com/Politics/rand-paul-republicans-arent-brave-tackle-deficit/story?id=12837636&page=1,Rand Paul: Republicans 'Aren't Maybe Brave Enough' to Tackle Deficit,1
ffa6d9fadae20cb1358f2af2de3a321d,http://www.rawstory.com/rs/2012/07/17/sen-sanders-warns-of-frightening-trend-towards-oligarchy/,Sen. Sanders warns of ‘frightening trend’ towards oligarchy,1
05bfd8c574cc71142aec8358f1c69345,http://www.politicsdaily.com/2011/02/06/transcript-of-president-obamas-pre-super-bowl-interview-with-bi/,The latest political news and headlines from D.C. and beyond,1
406f3dcebd853e0132f52562c9100e98,http://www.nytimes.com/2008/02/26/us/politics/26text-debate.html?adxnnl=1&pagewanted=all&adxnnlx=1204916977-bdzXkyWWIcHRNsc3DSwMkA,The Democratic Debate in Cleveland,1
7ef5ce545ec3bd3f367ea391e5a66789,http://www.politifact.com/texas/statements/2011/sep/06/rick-perry/rick-perry-says-he-switched-gop-younger-age-reagan/,Rick Perry says he switched to GOP at a younger age than Reagan did,1
73c77faaef56cf7b6a31e8a8f79e3aa0,https://web.archive.org/web/20070625210514/http://clinton.senate.gov/news/statements/details.cfm?id=277627,"Hillary Rodham Clinton, Senator for New York: Schumer, Clinton Announce Key Senate Panel Approves Over $1.3 Million for Labor, Health and Human Services Projects in the Hudson Valley",1
b0a58e0b1bc1d4c25d84f83329789b57,https://berniesanders.com/democratic-socialism-in-the-united-states/,Senator Bernie Sanders on Democratic Socialism in the United States,1
9ae85c17dde47f158b0adf159bd9023b,https://www.washingtonpost.com/news/the-fix/wp/2016/03/10/the-cnn-miami-republican-debate-transcript-annotated/,"The CNN Miami Republican debate transcript, annotated",1
46a3c68c77be218b2202022253d0942e,http://www.politifact.com/truth-o-meter/statements/2011/mar/15/barack-obama/barack-obama-says-us-oil-production-last-year-was-/,Barack Obama says U.S. oil production last year was highest since 2003,1
56b70fc3d5d0d7a0b8788ab7b6ac915b,https://web.archive.org/web/20081204120104/http://www.haysresearch.com/oc072508.htm,Survey Results from Hays Research Group,1
56dbdcf642e42f123d517a9afaafbf72,http://www.cbo.gov/ftpdocs/99xx/doc9957/01-07-Outlook.pdf,The Budget and Economic Outlook: Fiscal Years 2009 to 2019,1
13c4a2cfda2858c6c95b04014cbe05fb,http://www.cq.com/doc/newsmakertranscripts-3955637,testimony submitted to the Congressional Oversight Panel’s hearing on the TARPs impact on financial stability,1
190d0cd9419a905ca66e241b4766e95b,http://www.whitehouse.gov/the-press-office/2013/07/24/remarks-president-economy-knox-college-galesburg-il,"Remarks by the President on the Economy -- Knox College, Galesburg, IL",1
ec37e5b43a170d832b9f4c786784b04e,http://www.thedailyshow.com/full-episodes/mon-august-12-2013-rand-paul,The Daily Show with Trevor Noah,1
91c96b484240b41be4e88b05a7e4cc7a,http://select.nytimes.com/gst/abstract.html?res=FB0E1FF93C58167A93C6AB178CD85F418385F9,"IMPEACHMENT HINT STIRS HOUSE CLASH; Democratic Orators Spring to Roosevelt Defense, Charging 'Malice.'",1
0b8cc6d4efa5cc4f88cc7917d8e7cca0,http://www.politifact.com/truth-o-meter/promises/obameter/promise/525/introduce-comprehensive-immigration-bill-first-yea/,The Obameter: Introduce a comprehensive immigration bill in the first year,1
642aa5420058a2dc764f473fa607368a,http://www.cnn.com/2017/01/05/politics/border-wall-house-republicans-donald-trump-taxpayers/,"Trump asking Congress, not Mexico, to pay for border wall",1
e72a4906187168ca5ba6703d5eb5f21f,https://www.flake.senate.gov/public/index.cfm/press-releases?ID=FE6E0D3D-D9AE-4AF2-963B-275C6308D31A,Flake: “Religious tests should have no place in the Senate”,1
972f54aaf3a068c5261aa05a90e07301,https://web.archive.org/web/20080131000131/http://www.barackobama.com/2008/01/30/remarks_of_senator_barack_obam_45.php,Change We Can Believe In,1
df5e761bc90355ff150f83813dd84eab,http://www.youtube.com/watch?v=4O8CxZ1OD58,deputy director of national health statistics in the Office of the Actuary at the Center for Medicare and Medicaid Services,1
9dd37bceb3b52010e0f3f9c491df072d,http://www.youtube.com/watch?v=EhyMplwY6HY,Romneys ProLife Conversion Myth or Reality June 14,1
2cd8add0ba1cf7c0177a3600cfbf80e7,https://web.archive.org/web/20071102131244/http://vote-smart.org:80/issue_rating_category.php?can_id=9490,Interest Group Ratings,1
